{
"type": "FeatureCollection",
"name": "drugstores2025",
"crs": { "type": "name", "properties": { "name": "urn:ogc:def:crs:OGC:1.3:CRS84" } },
"features": [
{ "type": "Feature", "properties": { "lat": 35.7208669, "lon": 139.6943858, "name": "株式会社ファーマみらい 共創未来 中落合薬局" }, "geometry": { "type": "Point", "coordinates": [ 139.6943858, 35.7208669 ] } },
{ "type": "Feature", "properties": { "lat": 35.68523, "lon": 139.7203372, "name": "株式会社ファーマみらい 共創未来 左門町薬局" }, "geometry": { "type": "Point", "coordinates": [ 139.720337199999989, 35.68523 ] } },
{ "type": "Feature", "properties": { "lat": 35.714494, "lon": 139.6871069, "name": "株式会社ファーマみらい 共創未来 中井駅前薬局" }, "geometry": { "type": "Point", "coordinates": [ 139.6871069, 35.714494 ] } },
{ "type": "Feature", "properties": { "lat": 35.6885742, "lon": 139.6981873, "name": "(有)博愛堂薬局" }, "geometry": { "type": "Point", "coordinates": [ 139.6981873, 35.6885742 ] } },
{ "type": "Feature", "properties": { "lat": 35.6925129, "lon": 139.6985563, "name": "共創未来 新宿西口薬局" }, "geometry": { "type": "Point", "coordinates": [ 139.6985563, 35.6925129 ] } },
{ "type": "Feature", "properties": { "lat": 35.7026967, "lon": 139.7431484, "name": "株式会社WinStar サンライズ薬局" }, "geometry": { "type": "Point", "coordinates": [ 139.7431484, 35.7026967 ] } },
{ "type": "Feature", "properties": { "lat": 35.6839367, "lon": 139.7197153, "name": "シナノ薬局" }, "geometry": { "type": "Point", "coordinates": [ 139.7197153, 35.6839367 ] } },
{ "type": "Feature", "properties": { "lat": 35.7155135, "lon": 139.6875979, "name": "南山堂薬局 中井店" }, "geometry": { "type": "Point", "coordinates": [ 139.687597899999986, 35.7155135 ] } },
{ "type": "Feature", "properties": { "lat": 35.7086913, "lon": 139.7042697, "name": "コスガ薬局" }, "geometry": { "type": "Point", "coordinates": [ 139.7042697, 35.7086913 ] } },
{ "type": "Feature", "properties": { "lat": 35.6932759, "lon": 139.6864535, "name": "南山堂薬局 西新宿店" }, "geometry": { "type": "Point", "coordinates": [ 139.6864535, 35.6932759 ] } },
{ "type": "Feature", "properties": { "lat": 35.7019937, "lon": 139.7072535, "name": "つくし薬局" }, "geometry": { "type": "Point", "coordinates": [ 139.7072535, 35.7019937 ] } },
{ "type": "Feature", "properties": { "lat": 35.7081433, "lon": 139.7371612, "name": "たから薬局 江戸川橋店" }, "geometry": { "type": "Point", "coordinates": [ 139.7371612, 35.7081433 ] } },
{ "type": "Feature", "properties": { "lat": 35.6916399, "lon": 139.6911115, "name": "田辺薬局 新宿西口店" }, "geometry": { "type": "Point", "coordinates": [ 139.6911115, 35.6916399 ] } },
{ "type": "Feature", "properties": { "lat": 35.7024451, "lon": 139.6996844, "name": "ケアマーク百人町薬局" }, "geometry": { "type": "Point", "coordinates": [ 139.6996844, 35.7024451 ] } },
{ "type": "Feature", "properties": { "lat": 35.7076711, "lon": 139.7352541, "name": "地蔵通り薬局" }, "geometry": { "type": "Point", "coordinates": [ 139.7352541, 35.7076711 ] } },
{ "type": "Feature", "properties": { "lat": 35.7227037, "lon": 139.7017649, "name": "富士薬局" }, "geometry": { "type": "Point", "coordinates": [ 139.7017649, 35.7227037 ] } },
{ "type": "Feature", "properties": { "lat": 35.7010791, "lon": 139.7159532, "name": "戸山薬局" }, "geometry": { "type": "Point", "coordinates": [ 139.7159532, 35.7010791 ] } },
{ "type": "Feature", "properties": { "lat": 35.7008508, "lon": 139.7170416, "name": "ワカマツ薬局" }, "geometry": { "type": "Point", "coordinates": [ 139.717041599999988, 35.7008508 ] } },
{ "type": "Feature", "properties": { "lat": 35.6923135, "lon": 139.7132233, "name": "アイセイ薬局 富久店" }, "geometry": { "type": "Point", "coordinates": [ 139.71322330000001, 35.6923135 ] } },
{ "type": "Feature", "properties": { "lat": 35.6884105, "lon": 139.7028142, "name": "アーク薬局 新宿御苑店" }, "geometry": { "type": "Point", "coordinates": [ 139.7028142, 35.6884105 ] } },
{ "type": "Feature", "properties": { "lat": 35.691528, "lon": 139.686426, "name": "西新宿5丁目薬局" }, "geometry": { "type": "Point", "coordinates": [ 139.686426, 35.691528 ] } },
{ "type": "Feature", "properties": { "lat": 35.690326, "lon": 139.7040412, "name": "新宿3丁目薬局" }, "geometry": { "type": "Point", "coordinates": [ 139.7040412, 35.690326 ] } },
{ "type": "Feature", "properties": { "lat": 35.7110296, "lon": 139.6868919, "name": "株式会社日本メディケートプラン 上落合2丁目薬局" }, "geometry": { "type": "Point", "coordinates": [ 139.6868919, 35.7110296 ] } },
{ "type": "Feature", "properties": { "lat": 35.7039141, "lon": 139.7351376, "name": "やらい町薬局" }, "geometry": { "type": "Point", "coordinates": [ 139.7351376, 35.7039141 ] } },
{ "type": "Feature", "properties": { "lat": 35.6862771, "lon": 139.7292886, "name": "アクア薬局 四ツ谷駅前店" }, "geometry": { "type": "Point", "coordinates": [ 139.7292886, 35.6862771 ] } },
{ "type": "Feature", "properties": { "lat": 35.7014611, "lon": 139.7175522, "name": "(株)新宿調剤薬局" }, "geometry": { "type": "Point", "coordinates": [ 139.7175522, 35.7014611 ] } },
{ "type": "Feature", "properties": { "lat": 35.7113528, "lon": 139.719332, "name": "和泉薬局" }, "geometry": { "type": "Point", "coordinates": [ 139.719332, 35.7113528 ] } },
{ "type": "Feature", "properties": { "lat": 35.6878916, "lon": 139.7217038, "name": "快生堂小林薬局" }, "geometry": { "type": "Point", "coordinates": [ 139.7217038, 35.6878916 ] } },
{ "type": "Feature", "properties": { "lat": 35.7146338, "lon": 139.6932382, "name": "ケイワ薬局 落合店(株)エスシーグループ" }, "geometry": { "type": "Point", "coordinates": [ 139.6932382, 35.7146338 ] } },
{ "type": "Feature", "properties": { "lat": 35.7025713, "lon": 139.6968279, "name": "東洋薬局" }, "geometry": { "type": "Point", "coordinates": [ 139.696827899999988, 35.7025713 ] } },
{ "type": "Feature", "properties": { "lat": 35.695177, "lon": 139.6877075, "name": "あけぼの薬局 西新宿店" }, "geometry": { "type": "Point", "coordinates": [ 139.687707499999988, 35.695177 ] } },
{ "type": "Feature", "properties": { "lat": 35.688241, "lon": 139.7231728, "name": "スギ薬局 四谷三丁目店" }, "geometry": { "type": "Point", "coordinates": [ 139.723172799999986, 35.688241 ] } },
{ "type": "Feature", "properties": { "lat": 35.6967639, "lon": 139.706967, "name": "龍生堂薬局 新宿明治通り店" }, "geometry": { "type": "Point", "coordinates": [ 139.706967, 35.6967639 ] } },
{ "type": "Feature", "properties": { "lat": 35.6889998, "lon": 139.6985885, "name": "スギ薬局 西新宿一丁目店" }, "geometry": { "type": "Point", "coordinates": [ 139.6985885, 35.6889998 ] } },
{ "type": "Feature", "properties": { "lat": 35.6887054, "lon": 139.6973098, "name": "ひつじ薬局 新宿西口店" }, "geometry": { "type": "Point", "coordinates": [ 139.6973098, 35.6887054 ] } },
{ "type": "Feature", "properties": { "lat": 35.7008844, "lon": 139.7176926, "name": "カムシティHIT調製薬局" }, "geometry": { "type": "Point", "coordinates": [ 139.7176926, 35.7008844 ] } },
{ "type": "Feature", "properties": { "lat": 35.7027842, "lon": 139.7424662, "name": "薬局くすりの福太郎 飯田橋2号店" }, "geometry": { "type": "Point", "coordinates": [ 139.7424662, 35.7027842 ] } },
{ "type": "Feature", "properties": { "lat": 35.6917744, "lon": 139.6869046, "name": "ココカラファイン薬局 西新宿5丁目店" }, "geometry": { "type": "Point", "coordinates": [ 139.6869046, 35.6917744 ] } },
{ "type": "Feature", "properties": { "lat": 35.7224179, "lon": 139.7001615, "name": "みずもと薬局" }, "geometry": { "type": "Point", "coordinates": [ 139.7001615, 35.7224179 ] } },
{ "type": "Feature", "properties": { "lat": 35.7108157, "lon": 139.7038118, "name": "高田馬場南薬局" }, "geometry": { "type": "Point", "coordinates": [ 139.703811800000011, 35.7108157 ] } },
{ "type": "Feature", "properties": { "lat": 35.7076703, "lon": 139.6974793, "name": "西戸山みどり薬局" }, "geometry": { "type": "Point", "coordinates": [ 139.6974793, 35.7076703 ] } },
{ "type": "Feature", "properties": { "lat": 35.6917941, "lon": 139.6977647, "name": "龍生堂薬局 松岡セントラルビル店" }, "geometry": { "type": "Point", "coordinates": [ 139.6977647, 35.6917941 ] } },
{ "type": "Feature", "properties": { "lat": 35.6913702, "lon": 139.6993491, "name": "ココカラファイン薬局 小田急エース店" }, "geometry": { "type": "Point", "coordinates": [ 139.6993491, 35.6913702 ] } },
{ "type": "Feature", "properties": { "lat": 35.694575, "lon": 139.7244057, "name": "日本調剤 曙橋薬局" }, "geometry": { "type": "Point", "coordinates": [ 139.7244057, 35.694575 ] } },
{ "type": "Feature", "properties": { "lat": 35.6937271, "lon": 139.7018892, "name": "新宿かぶきちょう薬局" }, "geometry": { "type": "Point", "coordinates": [ 139.701889200000011, 35.6937271 ] } },
{ "type": "Feature", "properties": { "lat": 35.68746, "lon": 139.7238961, "name": "ウイング薬局 四谷店" }, "geometry": { "type": "Point", "coordinates": [ 139.7238961, 35.68746 ] } },
{ "type": "Feature", "properties": { "lat": 35.713537, "lon": 139.7052348, "name": "ウェルパーク調剤薬局 高田馬場駅前店" }, "geometry": { "type": "Point", "coordinates": [ 139.7052348, 35.713537 ] } },
{ "type": "Feature", "properties": { "lat": 35.6891409, "lon": 139.711141, "name": "一丁目いまくま薬局" }, "geometry": { "type": "Point", "coordinates": [ 139.711141, 35.6891409 ] } },
{ "type": "Feature", "properties": { "lat": 35.6976911, "lon": 139.7022194, "name": "ニュクス薬局" }, "geometry": { "type": "Point", "coordinates": [ 139.7022194, 35.6976911 ] } },
{ "type": "Feature", "properties": { "lat": 35.7129165, "lon": 139.7062545, "name": "すみれ薬局" }, "geometry": { "type": "Point", "coordinates": [ 139.7062545, 35.7129165 ] } },
{ "type": "Feature", "properties": { "lat": 35.6929386, "lon": 139.701199, "name": "新宿東口駅前薬局" }, "geometry": { "type": "Point", "coordinates": [ 139.701199, 35.6929386 ] } },
{ "type": "Feature", "properties": { "lat": 35.6998005, "lon": 139.6992543, "name": "田辺薬局 新大久保店" }, "geometry": { "type": "Point", "coordinates": [ 139.6992543, 35.699800499999903 ] } },
{ "type": "Feature", "properties": { "lat": 35.7097101, "lon": 139.7097269, "name": "薬局くすりの福太郎 西早稲田店" }, "geometry": { "type": "Point", "coordinates": [ 139.7097269, 35.7097101 ] } },
{ "type": "Feature", "properties": { "lat": 35.6854711, "lon": 139.6908068, "name": "薬ヒグチ調剤薬局 パークタワー店" }, "geometry": { "type": "Point", "coordinates": [ 139.6908068, 35.6854711 ] } },
{ "type": "Feature", "properties": { "lat": 35.7045506, "lon": 139.7313499, "name": "日本調剤 牛込天神薬局" }, "geometry": { "type": "Point", "coordinates": [ 139.7313499, 35.7045506 ] } },
{ "type": "Feature", "properties": { "lat": 35.6896248, "lon": 139.7123793, "name": "薬ヒグチ薬局 新宿御苑前店" }, "geometry": { "type": "Point", "coordinates": [ 139.7123793, 35.6896248 ] } },
{ "type": "Feature", "properties": { "lat": 35.695077, "lon": 139.6890635, "name": "ウエルシア薬局 西新宿三井ビル店" }, "geometry": { "type": "Point", "coordinates": [ 139.6890635, 35.695077 ] } },
{ "type": "Feature", "properties": { "lat": 35.6916345, "lon": 139.7055859, "name": "スギ薬局 新宿三丁目店" }, "geometry": { "type": "Point", "coordinates": [ 139.705585899999988, 35.6916345 ] } },
{ "type": "Feature", "properties": { "lat": 35.6899904, "lon": 139.6971402, "name": "新宿駅前薬局" }, "geometry": { "type": "Point", "coordinates": [ 139.6971402, 35.6899904 ] } },
{ "type": "Feature", "properties": { "lat": 35.6857858, "lon": 139.7288763, "name": "薬ヒグチ調剤薬局 四谷駅前店" }, "geometry": { "type": "Point", "coordinates": [ 139.7288763, 35.6857858 ] } },
{ "type": "Feature", "properties": { "lat": 35.700334, "lon": 139.7075508, "name": "ウエルシア薬局 新宿大久保一丁目店" }, "geometry": { "type": "Point", "coordinates": [ 139.7075508, 35.700334 ] } },
{ "type": "Feature", "properties": { "lat": 35.7134664, "lon": 139.7029841, "name": "薬局くすりの福太郎 高田馬場駅西口店" }, "geometry": { "type": "Point", "coordinates": [ 139.7029841, 35.7134664 ] } },
{ "type": "Feature", "properties": { "lat": 35.7129529, "lon": 139.7138356, "name": "面影橋薬局" }, "geometry": { "type": "Point", "coordinates": [ 139.71383560000001, 35.7129529 ] } },
{ "type": "Feature", "properties": { "lat": 35.7099747, "lon": 139.7149137, "name": "あつみ薬局 早稲田店" }, "geometry": { "type": "Point", "coordinates": [ 139.714913700000011, 35.7099747 ] } },
{ "type": "Feature", "properties": { "lat": 35.6876697, "lon": 139.7289182, "name": "アガペ四谷薬局" }, "geometry": { "type": "Point", "coordinates": [ 139.72891820000001, 35.6876697 ] } },
{ "type": "Feature", "properties": { "lat": 35.6889409, "lon": 139.6980614, "name": "薬局マツモトキヨシ 西新宿一丁目店" }, "geometry": { "type": "Point", "coordinates": [ 139.6980614, 35.6889409 ] } },
{ "type": "Feature", "properties": { "lat": 35.713038, "lon": 139.7072713, "name": "なつめ薬局 高田馬場店" }, "geometry": { "type": "Point", "coordinates": [ 139.7072713, 35.713038 ] } },
{ "type": "Feature", "properties": { "lat": 35.706464, "lon": 139.7193614, "name": "ユーアイ薬局 早稲田店" }, "geometry": { "type": "Point", "coordinates": [ 139.7193614, 35.706464 ] } },
{ "type": "Feature", "properties": { "lat": 35.6893434, "lon": 139.7087799, "name": "スギ薬局 新宿御苑店" }, "geometry": { "type": "Point", "coordinates": [ 139.7087799, 35.6893434 ] } },
{ "type": "Feature", "properties": { "lat": 35.7114662, "lon": 139.7039814, "name": "薬局くすりの福太郎 高田馬場店" }, "geometry": { "type": "Point", "coordinates": [ 139.7039814, 35.7114662 ] } },
{ "type": "Feature", "properties": { "lat": 35.6913489, "lon": 139.7030056, "name": "クオール薬局 ビックカメラ新宿東口店" }, "geometry": { "type": "Point", "coordinates": [ 139.703005600000012, 35.6913489 ] } },
{ "type": "Feature", "properties": { "lat": 35.7000593, "lon": 139.7332382, "name": "北町薬局" }, "geometry": { "type": "Point", "coordinates": [ 139.733238199999988, 35.7000593 ] } },
{ "type": "Feature", "properties": { "lat": 35.698443, "lon": 139.7163856, "name": "ことぶき薬局 新宿余丁町店" }, "geometry": { "type": "Point", "coordinates": [ 139.7163856, 35.698443 ] } },
{ "type": "Feature", "properties": { "lat": 35.693132, "lon": 139.693142, "name": "龍生堂薬局 アイランドタワー店" }, "geometry": { "type": "Point", "coordinates": [ 139.693142, 35.693132 ] } },
{ "type": "Feature", "properties": { "lat": 35.7213955, "lon": 139.6978383, "name": "ことぶき薬局 目白店" }, "geometry": { "type": "Point", "coordinates": [ 139.6978383, 35.7213955 ] } },
{ "type": "Feature", "properties": { "lat": 35.6909784, "lon": 139.7091353, "name": "スギ薬局 新宿二丁目店" }, "geometry": { "type": "Point", "coordinates": [ 139.709135300000014, 35.6909784 ] } },
{ "type": "Feature", "properties": { "lat": 35.7026192, "lon": 139.7086166, "name": "大久保薬局" }, "geometry": { "type": "Point", "coordinates": [ 139.7086166, 35.7026192 ] } },
{ "type": "Feature", "properties": { "lat": 35.6917938, "lon": 139.6989882, "name": "ナチュラルローソンクオール薬局 新宿駅西店" }, "geometry": { "type": "Point", "coordinates": [ 139.6989882, 35.6917938 ] } },
{ "type": "Feature", "properties": { "lat": 35.7027262, "lon": 139.7081978, "name": "スギ薬局 大久保二丁目店" }, "geometry": { "type": "Point", "coordinates": [ 139.7081978, 35.7027262 ] } },
{ "type": "Feature", "properties": { "lat": 35.6857128, "lon": 139.7290889, "name": "日本調剤 四谷薬局" }, "geometry": { "type": "Point", "coordinates": [ 139.7290889, 35.6857128 ] } },
{ "type": "Feature", "properties": { "lat": 35.7075592, "lon": 139.7298007, "name": "あるも薬局 山吹町店" }, "geometry": { "type": "Point", "coordinates": [ 139.7298007, 35.7075592 ] } },
{ "type": "Feature", "properties": { "lat": 35.6939124, "lon": 139.6987432, "name": "ウエルシア薬局 O-GUARD新宿店" }, "geometry": { "type": "Point", "coordinates": [ 139.6987432, 35.693912399999903 ] } },
{ "type": "Feature", "properties": { "lat": 35.6879363, "lon": 139.7118115, "name": "ひまわり薬局" }, "geometry": { "type": "Point", "coordinates": [ 139.71181150000001, 35.6879363 ] } },
{ "type": "Feature", "properties": { "lat": 35.6960614, "lon": 139.7074322, "name": "東新宿クリア薬局" }, "geometry": { "type": "Point", "coordinates": [ 139.7074322, 35.6960614 ] } },
{ "type": "Feature", "properties": { "lat": 35.7147199, "lon": 139.687236, "name": "薬局マツモトキヨシ 中井駅前店" }, "geometry": { "type": "Point", "coordinates": [ 139.687236, 35.7147199 ] } },
{ "type": "Feature", "properties": { "lat": 35.6997258, "lon": 139.7319775, "name": "ウエルシア薬局 新宿牛込店" }, "geometry": { "type": "Point", "coordinates": [ 139.7319775, 35.6997258 ] } },
{ "type": "Feature", "properties": { "lat": 35.705939, "lon": 139.7195515, "name": "フィレールメディカル早稲田薬局" }, "geometry": { "type": "Point", "coordinates": [ 139.7195515, 35.705939 ] } },
{ "type": "Feature", "properties": { "lat": 35.6991384, "lon": 139.7080249, "name": "そうごう薬局 東新宿駅前店" }, "geometry": { "type": "Point", "coordinates": [ 139.7080249, 35.6991384 ] } },
{ "type": "Feature", "properties": { "lat": 35.7114516, "lon": 139.6847364, "name": "調剤薬局ツルハドラッグ 新宿上落合店" }, "geometry": { "type": "Point", "coordinates": [ 139.6847364, 35.7114516 ] } },
{ "type": "Feature", "properties": { "lat": 35.7035779, "lon": 139.735101, "name": "日本調剤 神楽坂薬局" }, "geometry": { "type": "Point", "coordinates": [ 139.735101, 35.7035779 ] } },
{ "type": "Feature", "properties": { "lat": 35.7075403, "lon": 139.7379272, "name": "たんぽぽ薬局 神楽坂店" }, "geometry": { "type": "Point", "coordinates": [ 139.7379272, 35.7075403 ] } },
{ "type": "Feature", "properties": { "lat": 35.6929509, "lon": 139.6953653, "name": "ヤマグチ薬局 西新宿店" }, "geometry": { "type": "Point", "coordinates": [ 139.6953653, 35.6929509 ] } },
{ "type": "Feature", "properties": { "lat": 35.7001709, "lon": 139.7204432, "name": "クリエイト薬局 新宿若松町店" }, "geometry": { "type": "Point", "coordinates": [ 139.7204432, 35.7001709 ] } },
{ "type": "Feature", "properties": { "lat": 35.7010829, "lon": 139.7424601, "name": "薬局マツモトキヨシ 神楽坂店" }, "geometry": { "type": "Point", "coordinates": [ 139.742460099999988, 35.7010829 ] } },
{ "type": "Feature", "properties": { "lat": 35.6990122, "lon": 139.7188831, "name": "ミキ薬局 本店" }, "geometry": { "type": "Point", "coordinates": [ 139.7188831, 35.6990122 ] } },
{ "type": "Feature", "properties": { "lat": 35.6924839, "lon": 139.7019257, "name": "薬局マツモトキヨシ 新宿三丁目Part2店" }, "geometry": { "type": "Point", "coordinates": [ 139.7019257, 35.6924839 ] } },
{ "type": "Feature", "properties": { "lat": 35.6939198, "lon": 139.7371413, "name": "薬局くすりの福太郎 市谷田町店" }, "geometry": { "type": "Point", "coordinates": [ 139.7371413, 35.6939198 ] } },
{ "type": "Feature", "properties": { "lat": 35.7086074, "lon": 139.7087288, "name": "アイランド薬局 西早稲田店" }, "geometry": { "type": "Point", "coordinates": [ 139.708728799999989, 35.7086074 ] } },
{ "type": "Feature", "properties": { "lat": 35.6939196, "lon": 139.7366041, "name": "クリエイト薬局 新宿市ヶ谷店" }, "geometry": { "type": "Point", "coordinates": [ 139.7366041, 35.6939196 ] } },
{ "type": "Feature", "properties": { "lat": 35.6874118, "lon": 139.716642, "name": "四谷いちょう薬局" }, "geometry": { "type": "Point", "coordinates": [ 139.716642, 35.6874118 ] } },
{ "type": "Feature", "properties": { "lat": 35.6889718, "lon": 139.7033691, "name": "レジーナ薬局 新宿店" }, "geometry": { "type": "Point", "coordinates": [ 139.7033691, 35.6889718 ] } },
{ "type": "Feature", "properties": { "lat": 35.6925498, "lon": 139.7353582, "name": "クリエイト薬局 新宿市谷田町店" }, "geometry": { "type": "Point", "coordinates": [ 139.7353582, 35.6925498 ] } },
{ "type": "Feature", "properties": { "lat": 35.6969343, "lon": 139.7020666, "name": "アイン薬局 大久保店" }, "geometry": { "type": "Point", "coordinates": [ 139.7020666, 35.6969343 ] } },
{ "type": "Feature", "properties": { "lat": 35.6987852, "lon": 139.7084794, "name": "一般社団法人新宿区薬剤師会会営センター薬局" }, "geometry": { "type": "Point", "coordinates": [ 139.708479399999987, 35.6987852 ] } },
{ "type": "Feature", "properties": { "lat": 35.7133689, "lon": 139.7012551, "name": "薬局トモズ 高田馬場店" }, "geometry": { "type": "Point", "coordinates": [ 139.7012551, 35.7133689 ] } },
{ "type": "Feature", "properties": { "lat": 35.688582, "lon": 139.7017438, "name": "アイン薬局 NEWoMan新宿店" }, "geometry": { "type": "Point", "coordinates": [ 139.7017438, 35.688582 ] } },
{ "type": "Feature", "properties": { "lat": 35.7004079, "lon": 139.7187434, "name": "スギ薬局 新宿若松町店" }, "geometry": { "type": "Point", "coordinates": [ 139.7187434, 35.7004079 ] } },
{ "type": "Feature", "properties": { "lat": 35.7012523, "lon": 139.7050145, "name": "ファーコス薬局 新宿" }, "geometry": { "type": "Point", "coordinates": [ 139.7050145, 35.7012523 ] } },
{ "type": "Feature", "properties": { "lat": 35.6925835, "lon": 139.6911889, "name": "西垣薬局" }, "geometry": { "type": "Point", "coordinates": [ 139.691188899999986, 35.6925835 ] } },
{ "type": "Feature", "properties": { "lat": 35.706607, "lon": 139.7195415, "name": "クリエイト薬局 新宿早稲田店" }, "geometry": { "type": "Point", "coordinates": [ 139.7195415, 35.706607 ] } },
{ "type": "Feature", "properties": { "lat": 35.6982689, "lon": 139.6975137, "name": "西新宿薬局" }, "geometry": { "type": "Point", "coordinates": [ 139.6975137, 35.6982689 ] } },
{ "type": "Feature", "properties": { "lat": 35.7228177, "lon": 139.6841616, "name": "中川薬局 西落合店" }, "geometry": { "type": "Point", "coordinates": [ 139.68416160000001, 35.7228177 ] } },
{ "type": "Feature", "properties": { "lat": 35.7027842, "lon": 139.7424662, "name": "薬局くすりの福太郎 飯田橋店" }, "geometry": { "type": "Point", "coordinates": [ 139.7424662, 35.7027842 ] } },
{ "type": "Feature", "properties": { "lat": 35.7120566, "lon": 139.7078603, "name": "中西薬局 2丁目店" }, "geometry": { "type": "Point", "coordinates": [ 139.7078603, 35.7120566 ] } },
{ "type": "Feature", "properties": { "lat": 35.6961095, "lon": 139.7090098, "name": "ぱぱす薬局 新宿イーストサイドスクエア店" }, "geometry": { "type": "Point", "coordinates": [ 139.7090098, 35.6961095 ] } },
{ "type": "Feature", "properties": { "lat": 35.6939196, "lon": 139.7366041, "name": "なの花薬局たまち店" }, "geometry": { "type": "Point", "coordinates": [ 139.7366041, 35.6939196 ] } },
{ "type": "Feature", "properties": { "lat": 35.6807359, "lon": 139.7196612, "name": "日本調剤 慶應堂薬局" }, "geometry": { "type": "Point", "coordinates": [ 139.7196612, 35.680735899999902 ] } },
{ "type": "Feature", "properties": { "lat": 35.6882347, "lon": 139.7255894, "name": "さくら薬局 四谷店" }, "geometry": { "type": "Point", "coordinates": [ 139.7255894, 35.6882347 ] } },
{ "type": "Feature", "properties": { "lat": 35.6999955, "lon": 139.7182025, "name": "日生薬局 新若松町店" }, "geometry": { "type": "Point", "coordinates": [ 139.7182025, 35.6999955 ] } },
{ "type": "Feature", "properties": { "lat": 35.7084419, "lon": 139.7306208, "name": "ヨシキ薬局 山吹町店" }, "geometry": { "type": "Point", "coordinates": [ 139.7306208, 35.7084419 ] } },
{ "type": "Feature", "properties": { "lat": 35.6943966, "lon": 139.6935048, "name": "日生薬局 西新宿店" }, "geometry": { "type": "Point", "coordinates": [ 139.6935048, 35.6943966 ] } },
{ "type": "Feature", "properties": { "lat": 35.7035037, "lon": 139.6885603, "name": "フリージア薬局 北新宿店" }, "geometry": { "type": "Point", "coordinates": [ 139.6885603, 35.7035037 ] } },
{ "type": "Feature", "properties": { "lat": 35.7208093, "lon": 139.6943884, "name": "かちどき薬局 落合店パート2" }, "geometry": { "type": "Point", "coordinates": [ 139.6943884, 35.7208093 ] } },
{ "type": "Feature", "properties": { "lat": 35.682955, "lon": 139.6867214, "name": "ヤマグチ薬局 オペラシティ店" }, "geometry": { "type": "Point", "coordinates": [ 139.68672140000001, 35.682955 ] } },
{ "type": "Feature", "properties": { "lat": 35.713054, "lon": 139.7031705, "name": "若草薬局" }, "geometry": { "type": "Point", "coordinates": [ 139.7031705, 35.713054 ] } },
{ "type": "Feature", "properties": { "lat": 35.7028531, "lon": 139.7376712, "name": "アイ薬局 神楽坂店" }, "geometry": { "type": "Point", "coordinates": [ 139.7376712, 35.7028531 ] } },
{ "type": "Feature", "properties": { "lat": 35.6939601, "lon": 139.7207015, "name": "ココカラファイン薬局 曙橋店" }, "geometry": { "type": "Point", "coordinates": [ 139.7207015, 35.6939601 ] } },
{ "type": "Feature", "properties": { "lat": 35.7010509, "lon": 139.7164769, "name": "ミネ薬局 新宿若松町店" }, "geometry": { "type": "Point", "coordinates": [ 139.7164769, 35.7010509 ] } },
{ "type": "Feature", "properties": { "lat": 35.6999274, "lon": 139.7207367, "name": "稲垣薬局" }, "geometry": { "type": "Point", "coordinates": [ 139.7207367, 35.6999274 ] } },
{ "type": "Feature", "properties": { "lat": 35.7013762, "lon": 139.6987672, "name": "龍生堂薬局 大久保店" }, "geometry": { "type": "Point", "coordinates": [ 139.6987672, 35.7013762 ] } },
{ "type": "Feature", "properties": { "lat": 35.6875501, "lon": 139.7196213, "name": "龍生堂薬局 四谷三丁目店" }, "geometry": { "type": "Point", "coordinates": [ 139.7196213, 35.6875501 ] } },
{ "type": "Feature", "properties": { "lat": 35.7208669, "lon": 139.6943858, "name": "本田薬局 中落合店" }, "geometry": { "type": "Point", "coordinates": [ 139.6943858, 35.7208669 ] } },
{ "type": "Feature", "properties": { "lat": 35.6980529, "lon": 139.7200203, "name": "ミキ薬局 第二女子医大通り店" }, "geometry": { "type": "Point", "coordinates": [ 139.720020299999987, 35.6980529 ] } },
{ "type": "Feature", "properties": { "lat": 35.70589, "lon": 139.721766, "name": "フクロ薬局 早稲田店" }, "geometry": { "type": "Point", "coordinates": [ 139.721766, 35.70589 ] } },
{ "type": "Feature", "properties": { "lat": 35.7007514, "lon": 139.7409966, "name": "ツイン薬局 神楽坂店" }, "geometry": { "type": "Point", "coordinates": [ 139.740996599999988, 35.7007514 ] } },
{ "type": "Feature", "properties": { "lat": 35.7126575, "lon": 139.701407, "name": "ケイワ薬局 高田馬場店" }, "geometry": { "type": "Point", "coordinates": [ 139.701407, 35.7126575 ] } },
{ "type": "Feature", "properties": { "lat": 35.7081192, "lon": 139.7228644, "name": "けやき薬局" }, "geometry": { "type": "Point", "coordinates": [ 139.7228644, 35.7081192 ] } },
{ "type": "Feature", "properties": { "lat": 35.6969908, "lon": 139.7136209, "name": "だいまる薬局 余丁町" }, "geometry": { "type": "Point", "coordinates": [ 139.7136209, 35.6969908 ] } },
{ "type": "Feature", "properties": { "lat": 35.7030127, "lon": 139.7430961, "name": "日本調剤 新飯田橋薬局" }, "geometry": { "type": "Point", "coordinates": [ 139.7430961, 35.7030127 ] } },
{ "type": "Feature", "properties": { "lat": 35.7033638, "lon": 139.7409747, "name": "ツイン薬局" }, "geometry": { "type": "Point", "coordinates": [ 139.74097470000001, 35.7033638 ] } },
{ "type": "Feature", "properties": { "lat": 35.7103097, "lon": 139.6834261, "name": "うさぎ薬局" }, "geometry": { "type": "Point", "coordinates": [ 139.6834261, 35.7103097 ] } },
{ "type": "Feature", "properties": { "lat": 35.7217105, "lon": 139.6961766, "name": "たけのこ薬局" }, "geometry": { "type": "Point", "coordinates": [ 139.6961766, 35.7217105 ] } },
{ "type": "Feature", "properties": { "lat": 35.6975859, "lon": 139.7137607, "name": "だいまる薬局 抜弁天" }, "geometry": { "type": "Point", "coordinates": [ 139.7137607, 35.6975859 ] } },
{ "type": "Feature", "properties": { "lat": 35.7140083, "lon": 139.7032339, "name": "中西薬局" }, "geometry": { "type": "Point", "coordinates": [ 139.703233899999987, 35.7140083 ] } },
{ "type": "Feature", "properties": { "lat": 35.7109608, "lon": 139.7077939, "name": "薬樹薬局 高田馬場" }, "geometry": { "type": "Point", "coordinates": [ 139.707793900000013, 35.7109608 ] } },
{ "type": "Feature", "properties": { "lat": 35.6869639, "lon": 139.7278869, "name": "きぼう堂薬局 四谷店" }, "geometry": { "type": "Point", "coordinates": [ 139.727886899999987, 35.686963899999903 ] } },
{ "type": "Feature", "properties": { "lat": 35.6991022, "lon": 139.7190626, "name": "ミキ薬局 若松町店" }, "geometry": { "type": "Point", "coordinates": [ 139.7190626, 35.6991022 ] } },
{ "type": "Feature", "properties": { "lat": 35.7010858, "lon": 139.7163488, "name": "コクミン薬局 国際医療センター前店" }, "geometry": { "type": "Point", "coordinates": [ 139.7163488, 35.7010858 ] } },
{ "type": "Feature", "properties": { "lat": 35.7121146, "lon": 139.7029641, "name": "スミダ薬局 高田馬場店" }, "geometry": { "type": "Point", "coordinates": [ 139.7029641, 35.7121146 ] } },
{ "type": "Feature", "properties": { "lat": 35.705451, "lon": 139.722844, "name": "花梨堂薬局" }, "geometry": { "type": "Point", "coordinates": [ 139.722844, 35.705451 ] } },
{ "type": "Feature", "properties": { "lat": 35.7040232, "lon": 139.7324311, "name": "クレヨン薬局 神楽坂店" }, "geometry": { "type": "Point", "coordinates": [ 139.732431100000014, 35.7040232 ] } },
{ "type": "Feature", "properties": { "lat": 35.6988197, "lon": 139.7189544, "name": "ミキ薬局 女子医大通り店" }, "geometry": { "type": "Point", "coordinates": [ 139.7189544, 35.6988197 ] } },
{ "type": "Feature", "properties": { "lat": 35.6999503, "lon": 139.7200066, "name": "コスモス薬局" }, "geometry": { "type": "Point", "coordinates": [ 139.7200066, 35.6999503 ] } },
{ "type": "Feature", "properties": { "lat": 35.6991022, "lon": 139.7190626, "name": "日本調剤 女子医大通り薬局" }, "geometry": { "type": "Point", "coordinates": [ 139.7190626, 35.6991022 ] } },
{ "type": "Feature", "properties": { "lat": 35.6995066, "lon": 139.7219009, "name": "日生薬局 牛込店" }, "geometry": { "type": "Point", "coordinates": [ 139.7219009, 35.6995066 ] } },
{ "type": "Feature", "properties": { "lat": 35.6860968, "lon": 139.728074, "name": "ナカ薬局" }, "geometry": { "type": "Point", "coordinates": [ 139.728074, 35.6860968 ] } },
{ "type": "Feature", "properties": { "lat": 35.7010374, "lon": 139.7165752, "name": "紫山堂薬局 若松町店" }, "geometry": { "type": "Point", "coordinates": [ 139.7165752, 35.7010374 ] } },
{ "type": "Feature", "properties": { "lat": 35.7135638, "lon": 139.7067496, "name": "はしむら薬局" }, "geometry": { "type": "Point", "coordinates": [ 139.7067496, 35.7135638 ] } },
{ "type": "Feature", "properties": { "lat": 35.6908607, "lon": 139.7098567, "name": "新宿ヒカリ薬局" }, "geometry": { "type": "Point", "coordinates": [ 139.709856699999989, 35.6908607 ] } },
{ "type": "Feature", "properties": { "lat": 35.6921744, "lon": 139.7151124, "name": "フラワー薬局 新宿店" }, "geometry": { "type": "Point", "coordinates": [ 139.71511240000001, 35.6921744 ] } },
{ "type": "Feature", "properties": { "lat": 35.7116635, "lon": 139.7079046, "name": "龍生堂薬局 ワセダ東店" }, "geometry": { "type": "Point", "coordinates": [ 139.7079046, 35.7116635 ] } },
{ "type": "Feature", "properties": { "lat": 35.7097542, "lon": 139.7153971, "name": "新星堂薬局" }, "geometry": { "type": "Point", "coordinates": [ 139.7153971, 35.7097542 ] } },
{ "type": "Feature", "properties": { "lat": 35.6990955, "lon": 139.7182698, "name": "日生薬局 若松河田駅前店" }, "geometry": { "type": "Point", "coordinates": [ 139.7182698, 35.6990955 ] } },
{ "type": "Feature", "properties": { "lat": 35.7114006, "lon": 139.7092045, "name": "スギ薬局 高田馬場店" }, "geometry": { "type": "Point", "coordinates": [ 139.7092045, 35.7114006 ] } },
{ "type": "Feature", "properties": { "lat": 35.6990719, "lon": 139.7181773, "name": "カワダ薬局" }, "geometry": { "type": "Point", "coordinates": [ 139.7181773, 35.6990719 ] } },
{ "type": "Feature", "properties": { "lat": 35.6886436, "lon": 139.7117443, "name": "マミー薬局 新宿御苑店" }, "geometry": { "type": "Point", "coordinates": [ 139.7117443, 35.6886436 ] } },
{ "type": "Feature", "properties": { "lat": 35.6931769, "lon": 139.7023267, "name": "龍生堂薬局 新宿店" }, "geometry": { "type": "Point", "coordinates": [ 139.702326699999986, 35.6931769 ] } },
{ "type": "Feature", "properties": { "lat": 35.6990285, "lon": 139.7185523, "name": "ミキ薬局 河田町店" }, "geometry": { "type": "Point", "coordinates": [ 139.7185523, 35.6990285 ] } },
{ "type": "Feature", "properties": { "lat": 35.6920919, "lon": 139.7079907, "name": "龍生堂薬局 東新宿店" }, "geometry": { "type": "Point", "coordinates": [ 139.707990700000011, 35.6920919 ] } },
{ "type": "Feature", "properties": { "lat": 35.696049, "lon": 139.7197564, "name": "日生薬局 河田町店" }, "geometry": { "type": "Point", "coordinates": [ 139.7197564, 35.696049 ] } },
{ "type": "Feature", "properties": { "lat": 35.7070567, "lon": 139.743029, "name": "アイ薬局" }, "geometry": { "type": "Point", "coordinates": [ 139.743029, 35.7070567 ] } },
{ "type": "Feature", "properties": { "lat": 35.690086, "lon": 139.7077713, "name": "エアロ調剤薬局" }, "geometry": { "type": "Point", "coordinates": [ 139.7077713, 35.690086 ] } },
{ "type": "Feature", "properties": { "lat": 35.7114544, "lon": 139.7047992, "name": "薬局わたなべファーマシー" }, "geometry": { "type": "Point", "coordinates": [ 139.7047992, 35.7114544 ] } },
{ "type": "Feature", "properties": { "lat": 35.6909181, "lon": 139.6967391, "name": "オーエス薬局 新宿西口店" }, "geometry": { "type": "Point", "coordinates": [ 139.6967391, 35.6909181 ] } },
{ "type": "Feature", "properties": { "lat": 35.7074914, "lon": 139.6975408, "name": "サノ薬局" }, "geometry": { "type": "Point", "coordinates": [ 139.697540800000013, 35.707491399999903 ] } },
{ "type": "Feature", "properties": { "lat": 35.6939142, "lon": 139.6932529, "name": "龍生堂薬局 アイランド店" }, "geometry": { "type": "Point", "coordinates": [ 139.6932529, 35.6939142 ] } },
{ "type": "Feature", "properties": { "lat": 35.7201898, "lon": 139.6752035, "name": "ヤマグチ薬局 哲学堂店" }, "geometry": { "type": "Point", "coordinates": [ 139.6752035, 35.7201898 ] } },
{ "type": "Feature", "properties": { "lat": 35.6939409, "lon": 139.6952394, "name": "ナチュラルローソンクオール薬局 西新宿七丁目店" }, "geometry": { "type": "Point", "coordinates": [ 139.6952394, 35.6939409 ] } },
{ "type": "Feature", "properties": { "lat": 35.6946508, "lon": 139.6930562, "name": "スギ薬局 西新宿医大前店" }, "geometry": { "type": "Point", "coordinates": [ 139.6930562, 35.6946508 ] } },
{ "type": "Feature", "properties": { "lat": 35.7213601, "lon": 139.6829344, "name": "プラス薬局" }, "geometry": { "type": "Point", "coordinates": [ 139.6829344, 35.7213601 ] } },
{ "type": "Feature", "properties": { "lat": 35.693937, "lon": 139.6868018, "name": "有限会社 伊賀薬局" }, "geometry": { "type": "Point", "coordinates": [ 139.686801800000012, 35.693937 ] } },
{ "type": "Feature", "properties": { "lat": 35.6921701, "lon": 139.6949482, "name": "かちどき薬局 センター店" }, "geometry": { "type": "Point", "coordinates": [ 139.6949482, 35.6921701 ] } },
{ "type": "Feature", "properties": { "lat": 35.6854547, "lon": 139.688574, "name": "西新宿調剤薬局" }, "geometry": { "type": "Point", "coordinates": [ 139.688574, 35.6854547 ] } },
{ "type": "Feature", "properties": { "lat": 35.6894128, "lon": 139.6966603, "name": "ユーアイ薬局 新宿店" }, "geometry": { "type": "Point", "coordinates": [ 139.6966603, 35.6894128 ] } },
{ "type": "Feature", "properties": { "lat": 35.6933404, "lon": 139.6927145, "name": "アイン薬局 西新宿店" }, "geometry": { "type": "Point", "coordinates": [ 139.6927145, 35.6933404 ] } },
{ "type": "Feature", "properties": { "lat": 35.6917166, "lon": 139.6877474, "name": "ドラッグセイムス西新宿6丁目薬局" }, "geometry": { "type": "Point", "coordinates": [ 139.6877474, 35.6917166 ] } },
{ "type": "Feature", "properties": { "lat": 35.6919228, "lon": 139.6938894, "name": "かちどき薬局 三井店" }, "geometry": { "type": "Point", "coordinates": [ 139.693889399999989, 35.6919228 ] } },
{ "type": "Feature", "properties": { "lat": 35.6882614, "lon": 139.6933813, "name": "ミキ調剤薬局" }, "geometry": { "type": "Point", "coordinates": [ 139.6933813, 35.6882614 ] } },
{ "type": "Feature", "properties": { "lat": 35.7077108, "lon": 139.7290808, "name": "やまぶき薬局" }, "geometry": { "type": "Point", "coordinates": [ 139.7290808, 35.7077108 ] } },
{ "type": "Feature", "properties": { "lat": 35.7030276, "lon": 139.700075, "name": "龍生堂薬局 新大久保店" }, "geometry": { "type": "Point", "coordinates": [ 139.700075, 35.7030276 ] } },
{ "type": "Feature", "properties": { "lat": 35.6978039, "lon": 139.7151589, "name": "抜弁天薬局" }, "geometry": { "type": "Point", "coordinates": [ 139.7151589, 35.6978039 ] } },
{ "type": "Feature", "properties": { "lat": 35.7044117, "lon": 139.6998708, "name": "アイン薬局 新大久保店" }, "geometry": { "type": "Point", "coordinates": [ 139.699870800000014, 35.7044117 ] } },
{ "type": "Feature", "properties": { "lat": 35.7010519, "lon": 139.7403263, "name": "アイファ薬局 神楽坂店" }, "geometry": { "type": "Point", "coordinates": [ 139.7403263, 35.7010519 ] } },
{ "type": "Feature", "properties": { "lat": 35.7077422, "lon": 139.7350368, "name": "カラサワ薬局" }, "geometry": { "type": "Point", "coordinates": [ 139.735036799999989, 35.7077422 ] } },
{ "type": "Feature", "properties": { "lat": 35.7041066, "lon": 139.6998557, "name": "フロンティア薬局 新大久保店" }, "geometry": { "type": "Point", "coordinates": [ 139.6998557, 35.7041066 ] } },
{ "type": "Feature", "properties": { "lat": 35.6947248, "lon": 139.7203695, "name": "市ヶ谷ファマシー薬局 あけぼの橋通り店" }, "geometry": { "type": "Point", "coordinates": [ 139.7203695, 35.6947248 ] } },
{ "type": "Feature", "properties": { "lat": 35.7034277, "lon": 139.7364445, "name": "さくら薬局 神楽坂店" }, "geometry": { "type": "Point", "coordinates": [ 139.7364445, 35.7034277 ] } },
{ "type": "Feature", "properties": { "lat": 35.7050437, "lon": 139.7342202, "name": "あかぎ薬局" }, "geometry": { "type": "Point", "coordinates": [ 139.73422020000001, 35.7050437 ] } },
{ "type": "Feature", "properties": { "lat": 35.6982743, "lon": 139.7011953, "name": "ユーアイ薬局 新大久保店" }, "geometry": { "type": "Point", "coordinates": [ 139.7011953, 35.6982743 ] } },
{ "type": "Feature", "properties": { "lat": 35.7054947, "lon": 139.7318951, "name": "中里薬局" }, "geometry": { "type": "Point", "coordinates": [ 139.7318951, 35.7054947 ] } },
{ "type": "Feature", "properties": { "lat": 35.6975817, "lon": 139.7134913, "name": "レジーナ薬局 東新宿店" }, "geometry": { "type": "Point", "coordinates": [ 139.713491299999987, 35.6975817 ] } },
{ "type": "Feature", "properties": { "lat": 35.6966768, "lon": 139.701163, "name": "健康プラザ薬局" }, "geometry": { "type": "Point", "coordinates": [ 139.701163, 35.6966768 ] } },
{ "type": "Feature", "properties": { "lat": 35.7040545, "lon": 139.7002087, "name": "ひな薬局" }, "geometry": { "type": "Point", "coordinates": [ 139.7002087, 35.7040545 ] } },
{ "type": "Feature", "properties": { "lat": 35.7223883, "lon": 139.7037567, "name": "目白薬局" }, "geometry": { "type": "Point", "coordinates": [ 139.703756700000014, 35.7223883 ] } },
{ "type": "Feature", "properties": { "lat": 35.7207629, "lon": 139.6944063, "name": "かちどき薬局" }, "geometry": { "type": "Point", "coordinates": [ 139.6944063, 35.7207629 ] } },
{ "type": "Feature", "properties": { "lat": 35.7067628, "lon": 139.689222, "name": "丸美屋薬局 北新宿店" }, "geometry": { "type": "Point", "coordinates": [ 139.689222, 35.7067628 ] } },
{ "type": "Feature", "properties": { "lat": 35.7220752, "lon": 139.6955061, "name": "さくら薬局 目白店" }, "geometry": { "type": "Point", "coordinates": [ 139.695506099999989, 35.7220752 ] } },
{ "type": "Feature", "properties": { "lat": 35.7219074, "lon": 139.6994171, "name": "ウエルシア薬局 新宿目白店" }, "geometry": { "type": "Point", "coordinates": [ 139.6994171, 35.7219074 ] } },
{ "type": "Feature", "properties": { "lat": 35.7003312, "lon": 139.7067739, "name": "ほほえみ薬局" }, "geometry": { "type": "Point", "coordinates": [ 139.7067739, 35.7003312 ] } },
{ "type": "Feature", "properties": { "lat": 35.7030127, "lon": 139.7430961, "name": "さくら薬局 飯田橋駅前店" }, "geometry": { "type": "Point", "coordinates": [ 139.7430961, 35.7030127 ] } },
{ "type": "Feature", "properties": { "lat": 35.6977845, "lon": 139.734487, "name": "有限会社 萱沼薬局" }, "geometry": { "type": "Point", "coordinates": [ 139.734487, 35.6977845 ] } },
{ "type": "Feature", "properties": { "lat": 35.702974, "lon": 139.7433084, "name": "訪問薬樹薬局 飯田橋" }, "geometry": { "type": "Point", "coordinates": [ 139.743308399999989, 35.702974 ] } },
{ "type": "Feature", "properties": { "lat": 35.7196455, "lon": 139.6948667, "name": "グラム薬局 下落合店" }, "geometry": { "type": "Point", "coordinates": [ 139.6948667, 35.7196455 ] } },
{ "type": "Feature", "properties": { "lat": 35.7009952, "lon": 139.7085307, "name": "あいの薬局" }, "geometry": { "type": "Point", "coordinates": [ 139.708530700000011, 35.7009952 ] } },
{ "type": "Feature", "properties": { "lat": 35.7156437, "lon": 139.700708, "name": "オリーブ薬局" }, "geometry": { "type": "Point", "coordinates": [ 139.700708, 35.7156437 ] } },
{ "type": "Feature", "properties": { "lat": 35.7021247, "lon": 139.6939653, "name": "スギ薬局 北新宿3丁目店" }, "geometry": { "type": "Point", "coordinates": [ 139.6939653, 35.7021247 ] } },
{ "type": "Feature", "properties": { "lat": 35.7145558, "lon": 139.6873812, "name": "さくら薬局 中井店" }, "geometry": { "type": "Point", "coordinates": [ 139.6873812, 35.7145558 ] } },
{ "type": "Feature", "properties": { "lat": 35.7158428, "lon": 139.6885156, "name": "薬王堂薬局" }, "geometry": { "type": "Point", "coordinates": [ 139.688515599999988, 35.7158428 ] } },
{ "type": "Feature", "properties": { "lat": 35.6996127, "lon": 139.7279433, "name": "パール薬局" }, "geometry": { "type": "Point", "coordinates": [ 139.7279433, 35.6996127 ] } },
{ "type": "Feature", "properties": { "lat": 35.7109128, "lon": 139.6906588, "name": "レジーナ薬局 上落合店" }, "geometry": { "type": "Point", "coordinates": [ 139.6906588, 35.7109128 ] } },
{ "type": "Feature", "properties": { "lat": 35.6906152, "lon": 139.7073596, "name": "みらくる薬局 新宿三丁目店" }, "geometry": { "type": "Point", "coordinates": [ 139.7073596, 35.6906152 ] } },
{ "type": "Feature", "properties": { "lat": 35.6909076, "lon": 139.6865122, "name": "ハラダ薬局 西新宿店" }, "geometry": { "type": "Point", "coordinates": [ 139.68651220000001, 35.6909076 ] } },
{ "type": "Feature", "properties": { "lat": 35.6951706, "lon": 139.7370858, "name": "(株)エスシーグループ 鈴薬局市ヶ谷店" }, "geometry": { "type": "Point", "coordinates": [ 139.737085799999988, 35.6951706 ] } },
{ "type": "Feature", "properties": { "lat": 35.7148163, "lon": 139.6920348, "name": "エムエム株式会社 こぐま薬局" }, "geometry": { "type": "Point", "coordinates": [ 139.692034799999988, 35.7148163 ] } },
{ "type": "Feature", "properties": { "lat": 35.7083953, "lon": 139.736343, "name": "アイセイ薬局 江戸川橋店" }, "geometry": { "type": "Point", "coordinates": [ 139.736343, 35.7083953 ] } },
{ "type": "Feature", "properties": { "lat": 35.6796605, "lon": 139.7201219, "name": "ヒカリ薬局信濃町店" }, "geometry": { "type": "Point", "coordinates": [ 139.7201219, 35.6796605 ] } },
{ "type": "Feature", "properties": { "lat": 35.6904769, "lon": 139.7099005, "name": "つばさ薬局 新宿店" }, "geometry": { "type": "Point", "coordinates": [ 139.7099005, 35.6904769 ] } },
{ "type": "Feature", "properties": { "lat": 35.7060461, "lon": 139.720311, "name": "吉村薬局" }, "geometry": { "type": "Point", "coordinates": [ 139.720311, 35.7060461 ] } },
{ "type": "Feature", "properties": { "lat": 35.6983376, "lon": 139.7341094, "name": "薬局ラクトファーマシー" }, "geometry": { "type": "Point", "coordinates": [ 139.7341094, 35.6983376 ] } },
{ "type": "Feature", "properties": { "lat": 35.7017556, "lon": 139.6949136, "name": "土方薬局" }, "geometry": { "type": "Point", "coordinates": [ 139.6949136, 35.7017556 ] } },
{ "type": "Feature", "properties": { "lat": 35.7024163, "lon": 139.7328663, "name": "千代田薬局" }, "geometry": { "type": "Point", "coordinates": [ 139.732866300000012, 35.7024163 ] } },
{ "type": "Feature", "properties": { "lat": 35.6920778, "lon": 139.7216564, "name": "あけぼの薬局" }, "geometry": { "type": "Point", "coordinates": [ 139.7216564, 35.6920778 ] } },
{ "type": "Feature", "properties": { "lat": 35.6874381, "lon": 139.722054, "name": "サン薬局" }, "geometry": { "type": "Point", "coordinates": [ 139.722054, 35.6874381 ] } },
{ "type": "Feature", "properties": { "lat": 35.7012686, "lon": 139.7078578, "name": "ひかり薬局 (株)エスシーグループ" }, "geometry": { "type": "Point", "coordinates": [ 139.7078578, 35.7012686 ] } },
{ "type": "Feature", "properties": { "lat": 35.6961562, "lon": 139.6894173, "name": "アガペ新宿薬局" }, "geometry": { "type": "Point", "coordinates": [ 139.6894173, 35.6961562 ] } },
{ "type": "Feature", "properties": { "lat": 35.6583132, "lon": 139.6915769, "name": "松濤薬局" }, "geometry": { "type": "Point", "coordinates": [ 139.6915769, 35.658313199999903 ] } },
{ "type": "Feature", "properties": { "lat": 35.6773914, "lon": 139.7080952, "name": "薬樹薬局北参道" }, "geometry": { "type": "Point", "coordinates": [ 139.7080952, 35.6773914 ] } },
{ "type": "Feature", "properties": { "lat": 35.6879838, "lon": 139.699015, "name": "新宿薬局" }, "geometry": { "type": "Point", "coordinates": [ 139.699015, 35.6879838 ] } },
{ "type": "Feature", "properties": { "lat": 35.6463232, "lon": 139.7119128, "name": "城南薬局" }, "geometry": { "type": "Point", "coordinates": [ 139.7119128, 35.6463232 ] } },
{ "type": "Feature", "properties": { "lat": 35.6569801, "lon": 139.7006742, "name": "渋谷駅前げんき薬局" }, "geometry": { "type": "Point", "coordinates": [ 139.7006742, 35.6569801 ] } },
{ "type": "Feature", "properties": { "lat": 35.6463938, "lon": 139.7088964, "name": "つる薬局 恵比寿店" }, "geometry": { "type": "Point", "coordinates": [ 139.708896399999986, 35.6463938 ] } },
{ "type": "Feature", "properties": { "lat": 35.6815766, "lon": 139.7036159, "name": "かもめ薬局 代々木店" }, "geometry": { "type": "Point", "coordinates": [ 139.703615899999988, 35.6815766 ] } },
{ "type": "Feature", "properties": { "lat": 35.6688366, "lon": 139.6903316, "name": "ヒカリ薬局 代々木公園店" }, "geometry": { "type": "Point", "coordinates": [ 139.6903316, 35.6688366 ] } },
{ "type": "Feature", "properties": { "lat": 35.674286, "lon": 139.6680114, "name": "アイセイ薬局 笹塚店" }, "geometry": { "type": "Point", "coordinates": [ 139.668011400000012, 35.674286 ] } },
{ "type": "Feature", "properties": { "lat": 35.6864042, "lon": 139.7029769, "name": "アガペ新宿南口薬局" }, "geometry": { "type": "Point", "coordinates": [ 139.70297690000001, 35.6864042 ] } },
{ "type": "Feature", "properties": { "lat": 35.6458146, "lon": 139.7083665, "name": "太陽堂薬局" }, "geometry": { "type": "Point", "coordinates": [ 139.708366500000011, 35.6458146 ] } },
{ "type": "Feature", "properties": { "lat": 35.6687053, "lon": 139.6896434, "name": "薬局コアファーマシー代々木八幡店" }, "geometry": { "type": "Point", "coordinates": [ 139.6896434, 35.6687053 ] } },
{ "type": "Feature", "properties": { "lat": 35.6458544, "lon": 139.7220155, "name": "クラヤかかりつけ薬局 広尾白金" }, "geometry": { "type": "Point", "coordinates": [ 139.7220155, 35.6458544 ] } },
{ "type": "Feature", "properties": { "lat": 35.6738193, "lon": 139.666199, "name": "南山堂薬局 笹塚店" }, "geometry": { "type": "Point", "coordinates": [ 139.666199, 35.6738193 ] } },
{ "type": "Feature", "properties": { "lat": 35.669218, "lon": 139.6810876, "name": "代々木上原駅前薬局" }, "geometry": { "type": "Point", "coordinates": [ 139.681087600000012, 35.669218 ] } },
{ "type": "Feature", "properties": { "lat": 35.6609783, "lon": 139.7077613, "name": "はなせる薬局 渋谷店" }, "geometry": { "type": "Point", "coordinates": [ 139.707761299999987, 35.6609783 ] } },
{ "type": "Feature", "properties": { "lat": 35.6692836, "lon": 139.7030678, "name": "鈴薬局 原宿店" }, "geometry": { "type": "Point", "coordinates": [ 139.703067800000014, 35.6692836 ] } },
{ "type": "Feature", "properties": { "lat": 35.6737979, "lon": 139.6688753, "name": "笹塚鈴薬局 (株)エスシーグループ" }, "geometry": { "type": "Point", "coordinates": [ 139.6688753, 35.6737979 ] } },
{ "type": "Feature", "properties": { "lat": 35.6489587, "lon": 139.7117123, "name": "ひまわり薬局 渋谷橋店" }, "geometry": { "type": "Point", "coordinates": [ 139.711712299999988, 35.6489587 ] } },
{ "type": "Feature", "properties": { "lat": 35.6815918, "lon": 139.6850646, "name": "ゴロ薬局 初台店" }, "geometry": { "type": "Point", "coordinates": [ 139.6850646, 35.6815918 ] } },
{ "type": "Feature", "properties": { "lat": 35.6468744, "lon": 139.7112555, "name": "薬局日本メディカルシステム 恵比寿店" }, "geometry": { "type": "Point", "coordinates": [ 139.7112555, 35.6468744 ] } },
{ "type": "Feature", "properties": { "lat": 35.6505884, "lon": 139.7211304, "name": "ゆりの木薬局 広尾店" }, "geometry": { "type": "Point", "coordinates": [ 139.7211304, 35.6505884 ] } },
{ "type": "Feature", "properties": { "lat": 35.6466592, "lon": 139.707914, "name": "ひまわり薬局 恵比寿店" }, "geometry": { "type": "Point", "coordinates": [ 139.707914, 35.646659199999903 ] } },
{ "type": "Feature", "properties": { "lat": 35.6480002, "lon": 139.7078219, "name": "松山薬局" }, "geometry": { "type": "Point", "coordinates": [ 139.7078219, 35.6480002 ] } },
{ "type": "Feature", "properties": { "lat": 35.6658662, "lon": 139.6920644, "name": "ハロー薬局" }, "geometry": { "type": "Point", "coordinates": [ 139.6920644, 35.6658662 ] } },
{ "type": "Feature", "properties": { "lat": 35.6601536, "lon": 139.7010017, "name": "渋谷駅前薬局" }, "geometry": { "type": "Point", "coordinates": [ 139.7010017, 35.6601536 ] } },
{ "type": "Feature", "properties": { "lat": 35.6593675, "lon": 139.6996813, "name": "スギ薬局 道玄坂店" }, "geometry": { "type": "Point", "coordinates": [ 139.6996813, 35.6593675 ] } },
{ "type": "Feature", "properties": { "lat": 35.6751937, "lon": 139.6679997, "name": "ミネ薬局 笹塚店" }, "geometry": { "type": "Point", "coordinates": [ 139.6679997, 35.6751937 ] } },
{ "type": "Feature", "properties": { "lat": 35.6558046, "lon": 139.7070884, "name": "なつめ薬局 渋谷並木橋店" }, "geometry": { "type": "Point", "coordinates": [ 139.7070884, 35.6558046 ] } },
{ "type": "Feature", "properties": { "lat": 35.6737486, "lon": 139.6675524, "name": "コクミン薬局 笹塚駅店" }, "geometry": { "type": "Point", "coordinates": [ 139.6675524, 35.6737486 ] } },
{ "type": "Feature", "properties": { "lat": 35.6880606, "lon": 139.681066, "name": "漢方参友堂薬局" }, "geometry": { "type": "Point", "coordinates": [ 139.681066, 35.6880606 ] } },
{ "type": "Feature", "properties": { "lat": 35.6598115, "lon": 139.702879, "name": "クオール薬局 渋谷駅東口店" }, "geometry": { "type": "Point", "coordinates": [ 139.702879, 35.6598115 ] } },
{ "type": "Feature", "properties": { "lat": 35.6696143, "lon": 139.6803068, "name": "フラワー薬局 代々木上原2号店" }, "geometry": { "type": "Point", "coordinates": [ 139.680306800000011, 35.6696143 ] } },
{ "type": "Feature", "properties": { "lat": 35.6751937, "lon": 139.6679997, "name": "フラワー薬局 笹塚店" }, "geometry": { "type": "Point", "coordinates": [ 139.6679997, 35.6751937 ] } },
{ "type": "Feature", "properties": { "lat": 35.6802411, "lon": 139.6870043, "name": "ウイン薬局 渋谷初台店" }, "geometry": { "type": "Point", "coordinates": [ 139.687004300000012, 35.6802411 ] } },
{ "type": "Feature", "properties": { "lat": 35.6595962, "lon": 139.703762, "name": "アイン薬局 渋谷宮益坂店" }, "geometry": { "type": "Point", "coordinates": [ 139.703762, 35.6595962 ] } },
{ "type": "Feature", "properties": { "lat": 35.655877, "lon": 139.7039491, "name": "そうごう薬局 渋谷店" }, "geometry": { "type": "Point", "coordinates": [ 139.703949099999988, 35.655877 ] } },
{ "type": "Feature", "properties": { "lat": 35.6719356, "lon": 139.6880266, "name": "アイン薬局 代々木八幡店" }, "geometry": { "type": "Point", "coordinates": [ 139.6880266, 35.6719356 ] } },
{ "type": "Feature", "properties": { "lat": 35.6600412, "lon": 139.6951496, "name": "まゆみ薬局 松濤店" }, "geometry": { "type": "Point", "coordinates": [ 139.6951496, 35.660041199999903 ] } },
{ "type": "Feature", "properties": { "lat": 35.6867679, "lon": 139.697414, "name": "ミツヤ新都心薬局" }, "geometry": { "type": "Point", "coordinates": [ 139.697414, 35.6867679 ] } },
{ "type": "Feature", "properties": { "lat": 35.6872034, "lon": 139.6967895, "name": "セントラル薬局" }, "geometry": { "type": "Point", "coordinates": [ 139.6967895, 35.6872034 ] } },
{ "type": "Feature", "properties": { "lat": 35.6878708, "lon": 139.6976703, "name": "日本調剤 新宿薬局" }, "geometry": { "type": "Point", "coordinates": [ 139.6976703, 35.6878708 ] } },
{ "type": "Feature", "properties": { "lat": 35.6735209, "lon": 139.6696419, "name": "スマイル薬局 笹塚店" }, "geometry": { "type": "Point", "coordinates": [ 139.669641899999988, 35.6735209 ] } },
{ "type": "Feature", "properties": { "lat": 35.6594345, "lon": 139.7031137, "name": "PHARMACY KOU(薬局コウ)" }, "geometry": { "type": "Point", "coordinates": [ 139.703113699999989, 35.6594345 ] } },
{ "type": "Feature", "properties": { "lat": 35.6706123, "lon": 139.6811673, "name": "スギ薬局 代々木上原駅前店" }, "geometry": { "type": "Point", "coordinates": [ 139.6811673, 35.6706123 ] } },
{ "type": "Feature", "properties": { "lat": 35.6591463, "lon": 139.6999079, "name": "サンドラッグ CARER渋谷駅前薬局" }, "geometry": { "type": "Point", "coordinates": [ 139.6999079, 35.6591463 ] } },
{ "type": "Feature", "properties": { "lat": 35.6467506, "lon": 139.71214, "name": "ヤマグチ薬局 恵比寿2号店" }, "geometry": { "type": "Point", "coordinates": [ 139.71214, 35.6467506 ] } },
{ "type": "Feature", "properties": { "lat": 35.677077, "lon": 139.7072476, "name": "バンビ薬局 千駄ヶ谷店" }, "geometry": { "type": "Point", "coordinates": [ 139.707247599999988, 35.677077 ] } },
{ "type": "Feature", "properties": { "lat": 35.6875801, "lon": 139.6972764, "name": "スギ薬局 新宿駅南店" }, "geometry": { "type": "Point", "coordinates": [ 139.6972764, 35.6875801 ] } },
{ "type": "Feature", "properties": { "lat": 35.6867813, "lon": 139.6959478, "name": "日本調剤 南新宿薬局" }, "geometry": { "type": "Point", "coordinates": [ 139.6959478, 35.6867813 ] } },
{ "type": "Feature", "properties": { "lat": 35.6422238, "lon": 139.7134217, "name": "日本調剤 恵比寿ガーデン薬局" }, "geometry": { "type": "Point", "coordinates": [ 139.7134217, 35.6422238 ] } },
{ "type": "Feature", "properties": { "lat": 35.6784242, "lon": 139.6923733, "name": "みかん薬局 参宮橋店" }, "geometry": { "type": "Point", "coordinates": [ 139.692373300000014, 35.678424199999903 ] } },
{ "type": "Feature", "properties": { "lat": 35.6803912, "lon": 139.7062154, "name": "セキテイ調剤薬局 代々木店" }, "geometry": { "type": "Point", "coordinates": [ 139.7062154, 35.6803912 ] } },
{ "type": "Feature", "properties": { "lat": 35.682337, "lon": 139.6994139, "name": "たんぽぽ代々木薬局" }, "geometry": { "type": "Point", "coordinates": [ 139.6994139, 35.682337 ] } },
{ "type": "Feature", "properties": { "lat": 35.6547669, "lon": 139.7205391, "name": "あやめ薬局 広尾ガーデンヒルズ店" }, "geometry": { "type": "Point", "coordinates": [ 139.7205391, 35.6547669 ] } },
{ "type": "Feature", "properties": { "lat": 35.6718718, "lon": 139.7033032, "name": "スギ薬局 原宿店" }, "geometry": { "type": "Point", "coordinates": [ 139.7033032, 35.6718718 ] } },
{ "type": "Feature", "properties": { "lat": 35.6573415, "lon": 139.6967153, "name": "すずらん薬局" }, "geometry": { "type": "Point", "coordinates": [ 139.6967153, 35.6573415 ] } },
{ "type": "Feature", "properties": { "lat": 35.6504276, "lon": 139.7025852, "name": "ウエルシア薬局 マンサード代官山店" }, "geometry": { "type": "Point", "coordinates": [ 139.702585199999987, 35.6504276 ] } },
{ "type": "Feature", "properties": { "lat": 35.6607513, "lon": 139.7062674, "name": "クオール薬局 宮益坂店" }, "geometry": { "type": "Point", "coordinates": [ 139.7062674, 35.6607513 ] } },
{ "type": "Feature", "properties": { "lat": 35.6668615, "lon": 139.7057367, "name": "クオール薬局 神宮前店" }, "geometry": { "type": "Point", "coordinates": [ 139.705736699999989, 35.6668615 ] } },
{ "type": "Feature", "properties": { "lat": 35.6583597, "lon": 139.6998904, "name": "オレンジ薬局 渋谷駅前店" }, "geometry": { "type": "Point", "coordinates": [ 139.699890399999987, 35.6583597 ] } },
{ "type": "Feature", "properties": { "lat": 35.6510714, "lon": 139.7220554, "name": "コスモス調剤薬局 広尾駅店" }, "geometry": { "type": "Point", "coordinates": [ 139.722055399999988, 35.6510714 ] } },
{ "type": "Feature", "properties": { "lat": 35.6798111, "lon": 139.6857949, "name": "クオール薬局 初台南店" }, "geometry": { "type": "Point", "coordinates": [ 139.6857949, 35.679811099999903 ] } },
{ "type": "Feature", "properties": { "lat": 35.6817137, "lon": 139.6929567, "name": "ウエルシア薬局 代々木三丁目店" }, "geometry": { "type": "Point", "coordinates": [ 139.6929567, 35.6817137 ] } },
{ "type": "Feature", "properties": { "lat": 35.6598978, "lon": 139.6956098, "name": "ウイング薬局 渋谷道玄坂店" }, "geometry": { "type": "Point", "coordinates": [ 139.6956098, 35.6598978 ] } },
{ "type": "Feature", "properties": { "lat": 35.6470382, "lon": 139.7110629, "name": "ヤマグチ薬局 恵比寿駅前店" }, "geometry": { "type": "Point", "coordinates": [ 139.7110629, 35.6470382 ] } },
{ "type": "Feature", "properties": { "lat": 35.6455739, "lon": 139.7157309, "name": "あいの薬局 恵比寿店" }, "geometry": { "type": "Point", "coordinates": [ 139.715730900000011, 35.6455739 ] } },
{ "type": "Feature", "properties": { "lat": 35.6827146, "lon": 139.7011463, "name": "薬局サンライズファーマシィ" }, "geometry": { "type": "Point", "coordinates": [ 139.7011463, 35.6827146 ] } },
{ "type": "Feature", "properties": { "lat": 35.6741627, "lon": 139.6673117, "name": "ミネ薬局 笹塚駅前店" }, "geometry": { "type": "Point", "coordinates": [ 139.6673117, 35.6741627 ] } },
{ "type": "Feature", "properties": { "lat": 35.687935, "lon": 139.6978549, "name": "新宿南口薬局" }, "geometry": { "type": "Point", "coordinates": [ 139.69785490000001, 35.687935 ] } },
{ "type": "Feature", "properties": { "lat": 35.676119, "lon": 139.6767212, "name": "日本調剤 幡ヶ谷駅前薬局" }, "geometry": { "type": "Point", "coordinates": [ 139.6767212, 35.676119 ] } },
{ "type": "Feature", "properties": { "lat": 35.6786847, "lon": 139.6932099, "name": "なみき薬局" }, "geometry": { "type": "Point", "coordinates": [ 139.6932099, 35.6786847 ] } },
{ "type": "Feature", "properties": { "lat": 35.6681625, "lon": 139.7110966, "name": "宝調剤薬局" }, "geometry": { "type": "Point", "coordinates": [ 139.7110966, 35.6681625 ] } },
{ "type": "Feature", "properties": { "lat": 35.6455749, "lon": 139.7110428, "name": "フロンティア薬局恵比寿店" }, "geometry": { "type": "Point", "coordinates": [ 139.7110428, 35.6455749 ] } },
{ "type": "Feature", "properties": { "lat": 35.659342, "lon": 139.6995136, "name": "オーエス薬局" }, "geometry": { "type": "Point", "coordinates": [ 139.699513599999989, 35.659342 ] } },
{ "type": "Feature", "properties": { "lat": 35.647047, "lon": 139.7083289, "name": "ケイポート薬局 ホテルエクセレント店" }, "geometry": { "type": "Point", "coordinates": [ 139.7083289, 35.647047 ] } },
{ "type": "Feature", "properties": { "lat": 35.647645, "lon": 139.7220269, "name": "ひので薬局" }, "geometry": { "type": "Point", "coordinates": [ 139.7220269, 35.647645 ] } },
{ "type": "Feature", "properties": { "lat": 35.6600723, "lon": 139.7046795, "name": "日本調剤 宮益坂薬局" }, "geometry": { "type": "Point", "coordinates": [ 139.7046795, 35.6600723 ] } },
{ "type": "Feature", "properties": { "lat": 35.6777449, "lon": 139.6775222, "name": "ミネ薬局 幡ヶ谷店" }, "geometry": { "type": "Point", "coordinates": [ 139.6775222, 35.6777449 ] } },
{ "type": "Feature", "properties": { "lat": 35.657231, "lon": 139.6946818, "name": "屋久杉薬局" }, "geometry": { "type": "Point", "coordinates": [ 139.694681800000012, 35.657231 ] } },
{ "type": "Feature", "properties": { "lat": 35.670582, "lon": 139.6818054, "name": "代々木にしはら薬局" }, "geometry": { "type": "Point", "coordinates": [ 139.6818054, 35.670582 ] } },
{ "type": "Feature", "properties": { "lat": 35.6504546, "lon": 139.7210158, "name": "ファルマルシェ薬局 広尾" }, "geometry": { "type": "Point", "coordinates": [ 139.7210158, 35.6504546 ] } },
{ "type": "Feature", "properties": { "lat": 35.6772821, "lon": 139.7121756, "name": "有限会社 まつや薬局" }, "geometry": { "type": "Point", "coordinates": [ 139.7121756, 35.6772821 ] } },
{ "type": "Feature", "properties": { "lat": 35.6806246, "lon": 139.7011305, "name": "望星代々木薬局" }, "geometry": { "type": "Point", "coordinates": [ 139.7011305, 35.6806246 ] } },
{ "type": "Feature", "properties": { "lat": 35.6836501, "lon": 139.7013884, "name": "ミツヤ代々木調剤薬局" }, "geometry": { "type": "Point", "coordinates": [ 139.701388400000013, 35.6836501 ] } },
{ "type": "Feature", "properties": { "lat": 35.682065, "lon": 139.7024314, "name": "有限会社 斉藤薬局" }, "geometry": { "type": "Point", "coordinates": [ 139.7024314, 35.682065 ] } },
{ "type": "Feature", "properties": { "lat": 35.6785437, "lon": 139.7093418, "name": "ファーマ・シー薬局" }, "geometry": { "type": "Point", "coordinates": [ 139.7093418, 35.6785437 ] } },
{ "type": "Feature", "properties": { "lat": 35.65032, "lon": 139.7205707, "name": "ヒノミ薬局 広尾2号店" }, "geometry": { "type": "Point", "coordinates": [ 139.7205707, 35.65032 ] } },
{ "type": "Feature", "properties": { "lat": 35.6836421, "lon": 139.683983, "name": "不動薬局" }, "geometry": { "type": "Point", "coordinates": [ 139.683983, 35.6836421 ] } },
{ "type": "Feature", "properties": { "lat": 35.647645, "lon": 139.7220269, "name": "渋谷調剤薬局" }, "geometry": { "type": "Point", "coordinates": [ 139.7220269, 35.647645 ] } },
{ "type": "Feature", "properties": { "lat": 35.669675, "lon": 139.6804259, "name": "フラワー薬局 代々木上原店" }, "geometry": { "type": "Point", "coordinates": [ 139.680425899999989, 35.669675 ] } },
{ "type": "Feature", "properties": { "lat": 35.6683631, "lon": 139.6903098, "name": "フィールド薬局代々木公園店" }, "geometry": { "type": "Point", "coordinates": [ 139.6903098, 35.6683631 ] } },
{ "type": "Feature", "properties": { "lat": 35.647645, "lon": 139.7220269, "name": "広尾調剤薬局" }, "geometry": { "type": "Point", "coordinates": [ 139.7220269, 35.647645 ] } },
{ "type": "Feature", "properties": { "lat": 35.6487809, "lon": 139.7030838, "name": "ウエルシア薬局 代官山ディセ店" }, "geometry": { "type": "Point", "coordinates": [ 139.7030838, 35.6487809 ] } },
{ "type": "Feature", "properties": { "lat": 35.6634996, "lon": 139.6958102, "name": "けやき薬局 宇田川店" }, "geometry": { "type": "Point", "coordinates": [ 139.695810200000011, 35.6634996 ] } },
{ "type": "Feature", "properties": { "lat": 35.6734147, "lon": 139.6648238, "name": "有限会社 笹塚薬局" }, "geometry": { "type": "Point", "coordinates": [ 139.6648238, 35.6734147 ] } },
{ "type": "Feature", "properties": { "lat": 35.6808516, "lon": 139.6758812, "name": "幡ヶ谷調剤薬局" }, "geometry": { "type": "Point", "coordinates": [ 139.6758812, 35.6808516 ] } },
{ "type": "Feature", "properties": { "lat": 35.6601741, "lon": 139.6965419, "name": "旭薬局" }, "geometry": { "type": "Point", "coordinates": [ 139.6965419, 35.6601741 ] } },
{ "type": "Feature", "properties": { "lat": 35.6549019, "lon": 139.7095689, "name": "ひかわ薬局" }, "geometry": { "type": "Point", "coordinates": [ 139.7095689, 35.6549019 ] } },
{ "type": "Feature", "properties": { "lat": 35.6778852, "lon": 139.6778229, "name": "六号通り調剤薬局" }, "geometry": { "type": "Point", "coordinates": [ 139.6778229, 35.6778852 ] } },
{ "type": "Feature", "properties": { "lat": 35.6579237, "lon": 139.6991206, "name": "有限会社 松岡薬局" }, "geometry": { "type": "Point", "coordinates": [ 139.699120599999986, 35.6579237 ] } },
{ "type": "Feature", "properties": { "lat": 35.64825, "lon": 139.7016278, "name": "レジーナ薬局 代官山店" }, "geometry": { "type": "Point", "coordinates": [ 139.701627800000011, 35.64825 ] } },
{ "type": "Feature", "properties": { "lat": 35.6744931, "lon": 139.6659501, "name": "ミツヤ笹塚2丁目薬局" }, "geometry": { "type": "Point", "coordinates": [ 139.6659501, 35.6744931 ] } },
{ "type": "Feature", "properties": { "lat": 35.6776192, "lon": 139.6755647, "name": "ミツヤ薬局" }, "geometry": { "type": "Point", "coordinates": [ 139.6755647, 35.6776192 ] } },
{ "type": "Feature", "properties": { "lat": 35.6594514, "lon": 139.6941519, "name": "平田薬局" }, "geometry": { "type": "Point", "coordinates": [ 139.6941519, 35.6594514 ] } },
{ "type": "Feature", "properties": { "lat": 35.6809702, "lon": 139.7040749, "name": "株式会社 みすゞ薬局" }, "geometry": { "type": "Point", "coordinates": [ 139.7040749, 35.6809702 ] } },
{ "type": "Feature", "properties": { "lat": 35.6768175, "lon": 139.6750266, "name": "クオール薬局 幡ヶ谷店" }, "geometry": { "type": "Point", "coordinates": [ 139.6750266, 35.6768175 ] } },
{ "type": "Feature", "properties": { "lat": 35.6783822, "lon": 139.7100598, "name": "尾澤薬局" }, "geometry": { "type": "Point", "coordinates": [ 139.71005980000001, 35.6783822 ] } },
{ "type": "Feature", "properties": { "lat": 35.6786642, "lon": 139.6776583, "name": "幡ヶ谷六号通り薬局" }, "geometry": { "type": "Point", "coordinates": [ 139.6776583, 35.6786642 ] } },
{ "type": "Feature", "properties": { "lat": 35.6805306, "lon": 139.7096863, "name": "たくみ外苑薬局" }, "geometry": { "type": "Point", "coordinates": [ 139.709686299999987, 35.6805306 ] } },
{ "type": "Feature", "properties": { "lat": 35.6808331, "lon": 139.6864923, "name": "クオール薬局 初台店" }, "geometry": { "type": "Point", "coordinates": [ 139.6864923, 35.6808331 ] } },
{ "type": "Feature", "properties": { "lat": 35.67322, "lon": 139.6669728, "name": "ミツヤ笹塚薬局" }, "geometry": { "type": "Point", "coordinates": [ 139.6669728, 35.67322 ] } },
{ "type": "Feature", "properties": { "lat": 35.6694123, "lon": 139.6821519, "name": "慶応堂薬局" }, "geometry": { "type": "Point", "coordinates": [ 139.6821519, 35.6694123 ] } },
{ "type": "Feature", "properties": { "lat": 35.6610321, "lon": 139.70448, "name": "ナチュラルローソンクオール薬局 渋谷一丁目店" }, "geometry": { "type": "Point", "coordinates": [ 139.70448, 35.6610321 ] } },
{ "type": "Feature", "properties": { "lat": 35.6633178, "lon": 139.7031395, "name": "セントラル薬局 渋谷" }, "geometry": { "type": "Point", "coordinates": [ 139.7031395, 35.6633178 ] } },
{ "type": "Feature", "properties": { "lat": 35.6758102, "lon": 139.6708975, "name": "天山堂薬局" }, "geometry": { "type": "Point", "coordinates": [ 139.6708975, 35.6758102 ] } },
{ "type": "Feature", "properties": { "lat": 35.6608385, "lon": 139.7020304, "name": "ファーコス薬局 渋谷" }, "geometry": { "type": "Point", "coordinates": [ 139.702030400000012, 35.6608385 ] } },
{ "type": "Feature", "properties": { "lat": 35.6834158, "lon": 139.6815041, "name": "株式会社 一二三薬局" }, "geometry": { "type": "Point", "coordinates": [ 139.681504100000012, 35.6834158 ] } },
{ "type": "Feature", "properties": { "lat": 35.6689867, "lon": 139.682563, "name": "ココカラファイン薬局 代々木上原南店" }, "geometry": { "type": "Point", "coordinates": [ 139.682563, 35.6689867 ] } },
{ "type": "Feature", "properties": { "lat": 35.6839428, "lon": 139.6828292, "name": "有限会社 佐野薬局" }, "geometry": { "type": "Point", "coordinates": [ 139.682829199999986, 35.6839428 ] } },
{ "type": "Feature", "properties": { "lat": 35.6587806, "lon": 139.705258, "name": "ミキ薬局" }, "geometry": { "type": "Point", "coordinates": [ 139.705258, 35.6587806 ] } },
{ "type": "Feature", "properties": { "lat": 35.673127, "lon": 139.66798, "name": "幸仁薬局" }, "geometry": { "type": "Point", "coordinates": [ 139.66798, 35.673127 ] } },
{ "type": "Feature", "properties": { "lat": 35.648809, "lon": 139.7196263, "name": "原調剤薬局" }, "geometry": { "type": "Point", "coordinates": [ 139.719626299999987, 35.648809 ] } },
{ "type": "Feature", "properties": { "lat": 35.6455502, "lon": 139.7158506, "name": "有限会社レメディーズ リカリ薬局" }, "geometry": { "type": "Point", "coordinates": [ 139.71585060000001, 35.6455502 ] } },
{ "type": "Feature", "properties": { "lat": 35.6876742, "lon": 139.6970405, "name": "南山堂薬局 新宿南口店" }, "geometry": { "type": "Point", "coordinates": [ 139.697040500000014, 35.6876742 ] } },
{ "type": "Feature", "properties": { "lat": 35.6556283, "lon": 139.7000253, "name": "さくらが丘薬局" }, "geometry": { "type": "Point", "coordinates": [ 139.7000253, 35.6556283 ] } },
{ "type": "Feature", "properties": { "lat": 35.6815238, "lon": 139.6854392, "name": "金輪堂山崎薬局" }, "geometry": { "type": "Point", "coordinates": [ 139.6854392, 35.6815238 ] } },
{ "type": "Feature", "properties": { "lat": 35.6611261, "lon": 139.7061608, "name": "渋谷鈴薬局" }, "geometry": { "type": "Point", "coordinates": [ 139.7061608, 35.6611261 ] } },
{ "type": "Feature", "properties": { "lat": 35.6723111, "lon": 139.7093773, "name": "鈴薬局 神宮前店" }, "geometry": { "type": "Point", "coordinates": [ 139.7093773, 35.6723111 ] } },
{ "type": "Feature", "properties": { "lat": 35.6620232, "lon": 139.6868754, "name": "富ケ谷調剤薬局" }, "geometry": { "type": "Point", "coordinates": [ 139.6868754, 35.6620232 ] } },
{ "type": "Feature", "properties": { "lat": 35.6590678, "lon": 139.6985802, "name": "道玄坂調剤薬局" }, "geometry": { "type": "Point", "coordinates": [ 139.6985802, 35.6590678 ] } },
{ "type": "Feature", "properties": { "lat": 35.6673453, "lon": 139.673554, "name": "トモ薬局" }, "geometry": { "type": "Point", "coordinates": [ 139.673554, 35.6673453 ] } },
{ "type": "Feature", "properties": { "lat": 35.6481746, "lon": 139.7159104, "name": "アサヒ薬局" }, "geometry": { "type": "Point", "coordinates": [ 139.715910400000013, 35.6481746 ] } },
{ "type": "Feature", "properties": { "lat": 35.6437267, "lon": 139.720749, "name": "山田薬局" }, "geometry": { "type": "Point", "coordinates": [ 139.720749, 35.643726699999903 ] } },
{ "type": "Feature", "properties": { "lat": 35.6539587, "lon": 139.7076786, "name": "ときわ堂薬局" }, "geometry": { "type": "Point", "coordinates": [ 139.7076786, 35.6539587 ] } },
{ "type": "Feature", "properties": { "lat": 35.6645264, "lon": 139.7395016, "name": "薬樹六本木泉ガーデン薬局" }, "geometry": { "type": "Point", "coordinates": [ 139.739501600000011, 35.6645264 ] } },
{ "type": "Feature", "properties": { "lat": 35.6708403, "lon": 139.7210942, "name": "青山薬局" }, "geometry": { "type": "Point", "coordinates": [ 139.72109420000001, 35.6708403 ] } },
{ "type": "Feature", "properties": { "lat": 35.669951, "lon": 139.7172042, "name": "青山薬局 外苑前" }, "geometry": { "type": "Point", "coordinates": [ 139.7172042, 35.669951 ] } },
{ "type": "Feature", "properties": { "lat": 35.6663809, "lon": 139.7545866, "name": "たんぽぽ薬局 新橋店" }, "geometry": { "type": "Point", "coordinates": [ 139.75458660000001, 35.6663809 ] } },
{ "type": "Feature", "properties": { "lat": 35.6462307, "lon": 139.7350731, "name": "白金ザ・スカイ薬局" }, "geometry": { "type": "Point", "coordinates": [ 139.7350731, 35.6462307 ] } },
{ "type": "Feature", "properties": { "lat": 35.6691866, "lon": 139.7544325, "name": "アイセイ薬局 内幸町店" }, "geometry": { "type": "Point", "coordinates": [ 139.7544325, 35.6691866 ] } },
{ "type": "Feature", "properties": { "lat": 35.6449389, "lon": 139.7483938, "name": "田町駅前薬局" }, "geometry": { "type": "Point", "coordinates": [ 139.7483938, 35.6449389 ] } },
{ "type": "Feature", "properties": { "lat": 35.6547487, "lon": 139.7351755, "name": "ハピネス薬局 麻布十番店" }, "geometry": { "type": "Point", "coordinates": [ 139.7351755, 35.6547487 ] } },
{ "type": "Feature", "properties": { "lat": 35.6563173, "lon": 139.7382246, "name": "南山堂薬局 東麻布三丁目店" }, "geometry": { "type": "Point", "coordinates": [ 139.7382246, 35.6563173 ] } },
{ "type": "Feature", "properties": { "lat": 35.6674325, "lon": 139.754745, "name": "新橋内幸町薬局" }, "geometry": { "type": "Point", "coordinates": [ 139.754745, 35.6674325 ] } },
{ "type": "Feature", "properties": { "lat": 35.6566274, "lon": 139.7346009, "name": "麻布十番調剤薬局" }, "geometry": { "type": "Point", "coordinates": [ 139.7346009, 35.6566274 ] } },
{ "type": "Feature", "properties": { "lat": 35.6552377, "lon": 139.7356345, "name": "南山堂薬局 麻布十番店" }, "geometry": { "type": "Point", "coordinates": [ 139.7356345, 35.6552377 ] } },
{ "type": "Feature", "properties": { "lat": 35.6447707, "lon": 139.7508126, "name": "田町芝浦ファミリー薬局" }, "geometry": { "type": "Point", "coordinates": [ 139.750812599999989, 35.6447707 ] } },
{ "type": "Feature", "properties": { "lat": 35.6640747, "lon": 139.7347065, "name": "(株)平井薬局" }, "geometry": { "type": "Point", "coordinates": [ 139.734706499999987, 35.6640747 ] } },
{ "type": "Feature", "properties": { "lat": 35.6704381, "lon": 139.7441098, "name": "フレンド薬局 溜池山王店" }, "geometry": { "type": "Point", "coordinates": [ 139.7441098, 35.6704381 ] } },
{ "type": "Feature", "properties": { "lat": 35.6444309, "lon": 139.7315739, "name": "パーム薬局" }, "geometry": { "type": "Point", "coordinates": [ 139.7315739, 35.6444309 ] } },
{ "type": "Feature", "properties": { "lat": 35.6672487, "lon": 139.7537135, "name": "新橋薬局" }, "geometry": { "type": "Point", "coordinates": [ 139.7537135, 35.6672487 ] } },
{ "type": "Feature", "properties": { "lat": 35.6565468, "lon": 139.7178266, "name": "株式会社 トラストファーマシー たから薬局日赤広尾店" }, "geometry": { "type": "Point", "coordinates": [ 139.7178266, 35.6565468 ] } },
{ "type": "Feature", "properties": { "lat": 35.6578956, "lon": 139.7239947, "name": "西麻布3丁目薬局" }, "geometry": { "type": "Point", "coordinates": [ 139.7239947, 35.6578956 ] } },
{ "type": "Feature", "properties": { "lat": 35.6690493, "lon": 139.7526887, "name": "植松薬局" }, "geometry": { "type": "Point", "coordinates": [ 139.7526887, 35.6690493 ] } },
{ "type": "Feature", "properties": { "lat": 35.6704419, "lon": 139.7429485, "name": "溜池薬局" }, "geometry": { "type": "Point", "coordinates": [ 139.742948500000011, 35.6704419 ] } },
{ "type": "Feature", "properties": { "lat": 35.651766, "lon": 139.744625, "name": "株式会社 中川薬局" }, "geometry": { "type": "Point", "coordinates": [ 139.744625, 35.651766 ] } },
{ "type": "Feature", "properties": { "lat": 35.6606463, "lon": 139.7256412, "name": "霞町薬局" }, "geometry": { "type": "Point", "coordinates": [ 139.725641200000013, 35.6606463 ] } },
{ "type": "Feature", "properties": { "lat": 35.647442, "lon": 139.7489708, "name": "三田薬局" }, "geometry": { "type": "Point", "coordinates": [ 139.7489708, 35.647442 ] } },
{ "type": "Feature", "properties": { "lat": 35.6568311, "lon": 139.7179753, "name": "西麻布薬局" }, "geometry": { "type": "Point", "coordinates": [ 139.7179753, 35.6568311 ] } },
{ "type": "Feature", "properties": { "lat": 35.6642822, "lon": 139.7109401, "name": "フレンド薬局表参道店" }, "geometry": { "type": "Point", "coordinates": [ 139.710940099999988, 35.6642822 ] } },
{ "type": "Feature", "properties": { "lat": 35.656743, "lon": 139.717921, "name": "広尾中央薬局 広尾店" }, "geometry": { "type": "Point", "coordinates": [ 139.717921, 35.656743 ] } },
{ "type": "Feature", "properties": { "lat": 35.6549414, "lon": 139.7367023, "name": "薬局日本メディカル麻布十番店" }, "geometry": { "type": "Point", "coordinates": [ 139.7367023, 35.6549414 ] } },
{ "type": "Feature", "properties": { "lat": 35.6669371, "lon": 139.7534687, "name": "幸城薬局 虎ノ門新橋支店" }, "geometry": { "type": "Point", "coordinates": [ 139.753468700000013, 35.6669371 ] } },
{ "type": "Feature", "properties": { "lat": 35.640468, "lon": 139.7481188, "name": "ドラッグセイムス 芝浦海岸通薬局" }, "geometry": { "type": "Point", "coordinates": [ 139.748118799999986, 35.640468 ] } },
{ "type": "Feature", "properties": { "lat": 35.6609166, "lon": 139.7405604, "name": "そうごう薬局 麻布台ヒルズ店" }, "geometry": { "type": "Point", "coordinates": [ 139.7405604, 35.6609166 ] } },
{ "type": "Feature", "properties": { "lat": 35.6439376, "lon": 139.7351476, "name": "薬局トモズ 白金高輪店" }, "geometry": { "type": "Point", "coordinates": [ 139.7351476, 35.6439376 ] } },
{ "type": "Feature", "properties": { "lat": 35.6327522, "lon": 139.7323232, "name": "たかなわ台薬局" }, "geometry": { "type": "Point", "coordinates": [ 139.7323232, 35.6327522 ] } },
{ "type": "Feature", "properties": { "lat": 35.6558717, "lon": 139.744647, "name": "麻布薬局" }, "geometry": { "type": "Point", "coordinates": [ 139.744647, 35.6558717 ] } },
{ "type": "Feature", "properties": { "lat": 35.6453551, "lon": 139.7384518, "name": "さくら薬局 三田店" }, "geometry": { "type": "Point", "coordinates": [ 139.7384518, 35.6453551 ] } },
{ "type": "Feature", "properties": { "lat": 35.656779, "lon": 139.7338886, "name": "さざなみ薬局 麻布十番店" }, "geometry": { "type": "Point", "coordinates": [ 139.7338886, 35.656779 ] } },
{ "type": "Feature", "properties": { "lat": 35.6499752, "lon": 139.7451647, "name": "薬局ユニファー 慶大前店" }, "geometry": { "type": "Point", "coordinates": [ 139.7451647, 35.6499752 ] } },
{ "type": "Feature", "properties": { "lat": 35.6466753, "lon": 139.7463102, "name": "クオール薬局 田町店" }, "geometry": { "type": "Point", "coordinates": [ 139.746310200000011, 35.6466753 ] } },
{ "type": "Feature", "properties": { "lat": 35.6673323, "lon": 139.7473131, "name": "薬局トモズ 虎ノ門ヒルズステーションタワー店" }, "geometry": { "type": "Point", "coordinates": [ 139.747313100000014, 35.6673323 ] } },
{ "type": "Feature", "properties": { "lat": 35.6699166, "lon": 139.7171045, "name": "青山あすか薬局" }, "geometry": { "type": "Point", "coordinates": [ 139.7171045, 35.6699166 ] } },
{ "type": "Feature", "properties": { "lat": 35.6453099, "lon": 139.7333295, "name": "白金調剤薬局" }, "geometry": { "type": "Point", "coordinates": [ 139.7333295, 35.6453099 ] } },
{ "type": "Feature", "properties": { "lat": 35.6691687, "lon": 139.7417716, "name": "みらい薬局" }, "geometry": { "type": "Point", "coordinates": [ 139.7417716, 35.6691687 ] } },
{ "type": "Feature", "properties": { "lat": 35.6725281, "lon": 139.7247508, "name": "日本調剤 南青山薬局" }, "geometry": { "type": "Point", "coordinates": [ 139.72475080000001, 35.6725281 ] } },
{ "type": "Feature", "properties": { "lat": 35.6640553, "lon": 139.7462825, "name": "ぱぱす薬局 神谷町店" }, "geometry": { "type": "Point", "coordinates": [ 139.7462825, 35.6640553 ] } },
{ "type": "Feature", "properties": { "lat": 35.6568924, "lon": 139.7555532, "name": "薬局トモズ 浜松町店" }, "geometry": { "type": "Point", "coordinates": [ 139.7555532, 35.6568924 ] } },
{ "type": "Feature", "properties": { "lat": 35.6549414, "lon": 139.7367023, "name": "薬局日本メディカルシステム 麻布十番店" }, "geometry": { "type": "Point", "coordinates": [ 139.7367023, 35.6549414 ] } },
{ "type": "Feature", "properties": { "lat": 35.6736934, "lon": 139.7385749, "name": "あかさか薬局" }, "geometry": { "type": "Point", "coordinates": [ 139.7385749, 35.6736934 ] } },
{ "type": "Feature", "properties": { "lat": 35.647809, "lon": 139.7432623, "name": "アイビス薬局 三田店" }, "geometry": { "type": "Point", "coordinates": [ 139.7432623, 35.647809 ] } },
{ "type": "Feature", "properties": { "lat": 35.6431181, "lon": 139.7487776, "name": "はなみずき薬局" }, "geometry": { "type": "Point", "coordinates": [ 139.748777600000011, 35.6431181 ] } },
{ "type": "Feature", "properties": { "lat": 35.6551886, "lon": 139.7235595, "name": "南麻布調剤薬局" }, "geometry": { "type": "Point", "coordinates": [ 139.7235595, 35.6551886 ] } },
{ "type": "Feature", "properties": { "lat": 35.670841, "lon": 139.7194417, "name": "万代薬局 外苑前店" }, "geometry": { "type": "Point", "coordinates": [ 139.7194417, 35.670841 ] } },
{ "type": "Feature", "properties": { "lat": 35.6700999, "lon": 139.7425464, "name": "そうごう薬局 赤坂インターシティAIR店" }, "geometry": { "type": "Point", "coordinates": [ 139.7425464, 35.6700999 ] } },
{ "type": "Feature", "properties": { "lat": 35.6619223, "lon": 139.7231763, "name": "メディプレイス365訪問薬局" }, "geometry": { "type": "Point", "coordinates": [ 139.7231763, 35.6619223 ] } },
{ "type": "Feature", "properties": { "lat": 35.6292851, "lon": 139.7422206, "name": "品川薬局" }, "geometry": { "type": "Point", "coordinates": [ 139.7422206, 35.6292851 ] } },
{ "type": "Feature", "properties": { "lat": 35.6645793, "lon": 139.7475623, "name": "大信薬局 虎ノ門店" }, "geometry": { "type": "Point", "coordinates": [ 139.7475623, 35.6645793 ] } },
{ "type": "Feature", "properties": { "lat": 35.642784, "lon": 139.7484347, "name": "ひむか薬局 芝浦店" }, "geometry": { "type": "Point", "coordinates": [ 139.7484347, 35.642784 ] } },
{ "type": "Feature", "properties": { "lat": 35.6700755, "lon": 139.7508992, "name": "なの花薬局 虎ノ門店" }, "geometry": { "type": "Point", "coordinates": [ 139.7508992, 35.6700755 ] } },
{ "type": "Feature", "properties": { "lat": 35.6434753, "lon": 139.746406, "name": "ウエルシア薬局 田町グランパーク店" }, "geometry": { "type": "Point", "coordinates": [ 139.746406, 35.6434753 ] } },
{ "type": "Feature", "properties": { "lat": 35.6557832, "lon": 139.7388117, "name": "薬局くすりの福太郎 東麻布店" }, "geometry": { "type": "Point", "coordinates": [ 139.738811700000014, 35.6557832 ] } },
{ "type": "Feature", "properties": { "lat": 35.6475852, "lon": 139.744836, "name": "ココカラファイン薬局 三田店" }, "geometry": { "type": "Point", "coordinates": [ 139.744836, 35.6475852 ] } },
{ "type": "Feature", "properties": { "lat": 35.64989, "lon": 139.7555902, "name": "あたご調剤薬局 浜松町店" }, "geometry": { "type": "Point", "coordinates": [ 139.7555902, 35.64989 ] } },
{ "type": "Feature", "properties": { "lat": 35.6426881, "lon": 139.7494981, "name": "セイムス田町薬局" }, "geometry": { "type": "Point", "coordinates": [ 139.749498100000011, 35.6426881 ] } },
{ "type": "Feature", "properties": { "lat": 35.6677098, "lon": 139.7570496, "name": "ドラッグセイムス 新橋日比谷口薬局" }, "geometry": { "type": "Point", "coordinates": [ 139.757049599999988, 35.6677098 ] } },
{ "type": "Feature", "properties": { "lat": 35.6435393, "lon": 139.7358347, "name": "日本調剤 白金高輪薬局" }, "geometry": { "type": "Point", "coordinates": [ 139.7358347, 35.6435393 ] } },
{ "type": "Feature", "properties": { "lat": 35.6526744, "lon": 139.7220055, "name": "ウエルシア薬局 南麻布店" }, "geometry": { "type": "Point", "coordinates": [ 139.7220055, 35.6526744 ] } },
{ "type": "Feature", "properties": { "lat": 35.6632273, "lon": 139.7316398, "name": "メトロシティ六本木薬局" }, "geometry": { "type": "Point", "coordinates": [ 139.731639800000011, 35.6632273 ] } },
{ "type": "Feature", "properties": { "lat": 35.651812, "lon": 139.7576211, "name": "浜松町スマイル薬局" }, "geometry": { "type": "Point", "coordinates": [ 139.7576211, 35.651812 ] } },
{ "type": "Feature", "properties": { "lat": 35.6564611, "lon": 139.7535784, "name": "スギ薬局 芝大門店" }, "geometry": { "type": "Point", "coordinates": [ 139.7535784, 35.6564611 ] } },
{ "type": "Feature", "properties": { "lat": 35.6780244, "lon": 139.7337965, "name": "ファイン薬局 元赤坂" }, "geometry": { "type": "Point", "coordinates": [ 139.733796500000011, 35.6780244 ] } },
{ "type": "Feature", "properties": { "lat": 35.6486682, "lon": 139.745484, "name": "薬局ユニファー" }, "geometry": { "type": "Point", "coordinates": [ 139.745484, 35.6486682 ] } },
{ "type": "Feature", "properties": { "lat": 35.6329501, "lon": 139.7381391, "name": "パンダ薬局 高輪店" }, "geometry": { "type": "Point", "coordinates": [ 139.738139100000012, 35.6329501 ] } },
{ "type": "Feature", "properties": { "lat": 35.6390838, "lon": 139.7520352, "name": "日本調剤 芝浦アイランド薬局" }, "geometry": { "type": "Point", "coordinates": [ 139.7520352, 35.6390838 ] } },
{ "type": "Feature", "properties": { "lat": 35.6472047, "lon": 139.7472973, "name": "ドラッグセイムス 田町西口薬局" }, "geometry": { "type": "Point", "coordinates": [ 139.747297300000014, 35.6472047 ] } },
{ "type": "Feature", "properties": { "lat": 35.6566906, "lon": 139.7593867, "name": "ファイン薬局 ハマサイト" }, "geometry": { "type": "Point", "coordinates": [ 139.7593867, 35.6566906 ] } },
{ "type": "Feature", "properties": { "lat": 35.6559605, "lon": 139.7628777, "name": "ファーマライズ薬局 アトレ竹芝店" }, "geometry": { "type": "Point", "coordinates": [ 139.7628777, 35.6559605 ] } },
{ "type": "Feature", "properties": { "lat": 35.6633051, "lon": 139.7318334, "name": "スギ薬局 六本木店" }, "geometry": { "type": "Point", "coordinates": [ 139.7318334, 35.6633051 ] } },
{ "type": "Feature", "properties": { "lat": 35.6737704, "lon": 139.737443, "name": "健康日本堂調剤薬局 赤坂店" }, "geometry": { "type": "Point", "coordinates": [ 139.737443, 35.6737704 ] } },
{ "type": "Feature", "properties": { "lat": 35.6624582, "lon": 139.7553081, "name": "日生薬局 御成門2号店" }, "geometry": { "type": "Point", "coordinates": [ 139.7553081, 35.6624582 ] } },
{ "type": "Feature", "properties": { "lat": 35.6317654, "lon": 139.7322602, "name": "クオール薬局 高輪店" }, "geometry": { "type": "Point", "coordinates": [ 139.732260200000013, 35.6317654 ] } },
{ "type": "Feature", "properties": { "lat": 35.6529554, "lon": 139.7224343, "name": "クオール薬局 広尾駅前店" }, "geometry": { "type": "Point", "coordinates": [ 139.7224343, 35.6529554 ] } },
{ "type": "Feature", "properties": { "lat": 35.6443054, "lon": 139.7496359, "name": "ドラッグセイムス芝浦3丁目薬局" }, "geometry": { "type": "Point", "coordinates": [ 139.749635899999987, 35.6443054 ] } },
{ "type": "Feature", "properties": { "lat": 35.6679849, "lon": 139.7484781, "name": "スギ薬局 虎ノ門ヒルズ駅前店" }, "geometry": { "type": "Point", "coordinates": [ 139.7484781, 35.6679849 ] } },
{ "type": "Feature", "properties": { "lat": 35.6557395, "lon": 139.7553776, "name": "ミネ薬局 クレアタワー店" }, "geometry": { "type": "Point", "coordinates": [ 139.7553776, 35.6557395 ] } },
{ "type": "Feature", "properties": { "lat": 35.6718619, "lon": 139.7357049, "name": "ニコニコ薬局 赤坂店" }, "geometry": { "type": "Point", "coordinates": [ 139.7357049, 35.6718619 ] } },
{ "type": "Feature", "properties": { "lat": 35.6767328, "lon": 139.7366158, "name": "スギ薬局 赤坂見附店" }, "geometry": { "type": "Point", "coordinates": [ 139.73661580000001, 35.6767328 ] } },
{ "type": "Feature", "properties": { "lat": 35.6581775, "lon": 139.7542326, "name": "ナチュラルローソンクオール薬局 芝大門一丁目店" }, "geometry": { "type": "Point", "coordinates": [ 139.7542326, 35.6581775 ] } },
{ "type": "Feature", "properties": { "lat": 35.6662082, "lon": 139.757524, "name": "スギ薬局 ニュー新橋ビル店" }, "geometry": { "type": "Point", "coordinates": [ 139.757524, 35.6662082 ] } },
{ "type": "Feature", "properties": { "lat": 35.663681, "lon": 139.7101419, "name": "ことぶき薬局 青山店" }, "geometry": { "type": "Point", "coordinates": [ 139.7101419, 35.663681 ] } },
{ "type": "Feature", "properties": { "lat": 35.6731878, "lon": 139.737221, "name": "日本調剤 赤坂中央薬局" }, "geometry": { "type": "Point", "coordinates": [ 139.737221, 35.6731878 ] } },
{ "type": "Feature", "properties": { "lat": 35.6680229, "lon": 139.740614, "name": "薬局トモズ アークヒルズ店" }, "geometry": { "type": "Point", "coordinates": [ 139.740614, 35.6680229 ] } },
{ "type": "Feature", "properties": { "lat": 35.643784, "lon": 139.7351674, "name": "薬局マツモトキヨシ 白金高輪店" }, "geometry": { "type": "Point", "coordinates": [ 139.7351674, 35.643784 ] } },
{ "type": "Feature", "properties": { "lat": 35.6564881, "lon": 139.7178342, "name": "アガペ広尾薬局" }, "geometry": { "type": "Point", "coordinates": [ 139.7178342, 35.6564881 ] } },
{ "type": "Feature", "properties": { "lat": 35.6488024, "lon": 139.7513044, "name": "アイン薬局 三田店" }, "geometry": { "type": "Point", "coordinates": [ 139.7513044, 35.6488024 ] } },
{ "type": "Feature", "properties": { "lat": 35.6471431, "lon": 139.7463117, "name": "いるか田町薬局" }, "geometry": { "type": "Point", "coordinates": [ 139.7463117, 35.6471431 ] } },
{ "type": "Feature", "properties": { "lat": 35.6390288, "lon": 139.727802, "name": "ココカラファイン薬局 白金台店" }, "geometry": { "type": "Point", "coordinates": [ 139.727802, 35.6390288 ] } },
{ "type": "Feature", "properties": { "lat": 35.6676274, "lon": 139.7588589, "name": "スギ薬局 新橋駅前店" }, "geometry": { "type": "Point", "coordinates": [ 139.7588589, 35.6676274 ] } },
{ "type": "Feature", "properties": { "lat": 35.6632477, "lon": 139.759694, "name": "ほほえみ薬局 汐留メディアタワー店" }, "geometry": { "type": "Point", "coordinates": [ 139.759694, 35.6632477 ] } },
{ "type": "Feature", "properties": { "lat": 35.6474358, "lon": 139.7375803, "name": "三田ハウス調剤薬局" }, "geometry": { "type": "Point", "coordinates": [ 139.7375803, 35.6474358 ] } },
{ "type": "Feature", "properties": { "lat": 35.6685283, "lon": 139.7485702, "name": "クオール薬局 虎ノ門店" }, "geometry": { "type": "Point", "coordinates": [ 139.748570199999989, 35.6685283 ] } },
{ "type": "Feature", "properties": { "lat": 35.6324899, "lon": 139.743003, "name": "薬局ケーアイファーマシー 品川シーズンテラス" }, "geometry": { "type": "Point", "coordinates": [ 139.743003, 35.6324899 ] } },
{ "type": "Feature", "properties": { "lat": 35.6505906, "lon": 139.7272033, "name": "カーム調剤薬局 ありす店" }, "geometry": { "type": "Point", "coordinates": [ 139.727203300000014, 35.6505906 ] } },
{ "type": "Feature", "properties": { "lat": 35.6549804, "lon": 139.7347071, "name": "ウエルシア薬局 麻布十番店" }, "geometry": { "type": "Point", "coordinates": [ 139.7347071, 35.6549804 ] } },
{ "type": "Feature", "properties": { "lat": 35.660038, "lon": 139.7527711, "name": "アイン薬局 芝大門店" }, "geometry": { "type": "Point", "coordinates": [ 139.7527711, 35.660038 ] } },
{ "type": "Feature", "properties": { "lat": 35.6411196, "lon": 139.7375444, "name": "オーベル薬局 白金高輪店" }, "geometry": { "type": "Point", "coordinates": [ 139.7375444, 35.6411196 ] } },
{ "type": "Feature", "properties": { "lat": 35.6767062, "lon": 139.7364228, "name": "めろん薬局" }, "geometry": { "type": "Point", "coordinates": [ 139.736422800000014, 35.6767062 ] } },
{ "type": "Feature", "properties": { "lat": 35.6535025, "lon": 139.7447899, "name": "日本調剤三田薬局" }, "geometry": { "type": "Point", "coordinates": [ 139.7447899, 35.6535025 ] } },
{ "type": "Feature", "properties": { "lat": 35.6618053, "lon": 139.7515651, "name": "フロンティア薬局 御成門店" }, "geometry": { "type": "Point", "coordinates": [ 139.7515651, 35.6618053 ] } },
{ "type": "Feature", "properties": { "lat": 35.6646397, "lon": 139.7430889, "name": "ナチュラルローソンクオール薬局 城山トラストタワー店" }, "geometry": { "type": "Point", "coordinates": [ 139.7430889, 35.6646397 ] } },
{ "type": "Feature", "properties": { "lat": 35.6662315, "lon": 139.7313051, "name": "さくら薬局 東京ミッドタウン店" }, "geometry": { "type": "Point", "coordinates": [ 139.731305099999986, 35.666231499999903 ] } },
{ "type": "Feature", "properties": { "lat": 35.6701422, "lon": 139.7515017, "name": "スギ薬局 虎ノ門店" }, "geometry": { "type": "Point", "coordinates": [ 139.7515017, 35.6701422 ] } },
{ "type": "Feature", "properties": { "lat": 35.6547389, "lon": 139.753298, "name": "おだいじに薬局 芝公園店" }, "geometry": { "type": "Point", "coordinates": [ 139.753298, 35.6547389 ] } },
{ "type": "Feature", "properties": { "lat": 35.6586616, "lon": 139.7272909, "name": "けやき坂薬局" }, "geometry": { "type": "Point", "coordinates": [ 139.727290900000014, 35.658661599999903 ] } },
{ "type": "Feature", "properties": { "lat": 35.6293311, "lon": 139.7472805, "name": "ファルマルシェ薬局 品川港南" }, "geometry": { "type": "Point", "coordinates": [ 139.747280499999988, 35.6293311 ] } },
{ "type": "Feature", "properties": { "lat": 35.6631237, "lon": 139.7457036, "name": "アガペ神谷町薬局" }, "geometry": { "type": "Point", "coordinates": [ 139.745703600000013, 35.6631237 ] } },
{ "type": "Feature", "properties": { "lat": 35.6702799, "lon": 139.7506876, "name": "ひかり薬局" }, "geometry": { "type": "Point", "coordinates": [ 139.7506876, 35.6702799 ] } },
{ "type": "Feature", "properties": { "lat": 35.662317, "lon": 139.7312805, "name": "日本調剤 六本木薬局" }, "geometry": { "type": "Point", "coordinates": [ 139.7312805, 35.662317 ] } },
{ "type": "Feature", "properties": { "lat": 35.6641806, "lon": 139.7527001, "name": "内山薬局" }, "geometry": { "type": "Point", "coordinates": [ 139.7527001, 35.6641806 ] } },
{ "type": "Feature", "properties": { "lat": 35.6440881, "lon": 139.7333424, "name": "白金ヴェルデ薬局" }, "geometry": { "type": "Point", "coordinates": [ 139.7333424, 35.6440881 ] } },
{ "type": "Feature", "properties": { "lat": 35.6280724, "lon": 139.7407397, "name": "トリモ薬局" }, "geometry": { "type": "Point", "coordinates": [ 139.7407397, 35.6280724 ] } },
{ "type": "Feature", "properties": { "lat": 35.6648867, "lon": 139.7624926, "name": "薬局マツモトキヨシ カレッタ汐留店" }, "geometry": { "type": "Point", "coordinates": [ 139.7624926, 35.6648867 ] } },
{ "type": "Feature", "properties": { "lat": 35.6437449, "lon": 139.7329446, "name": "ヤブザキ信栄堂薬局" }, "geometry": { "type": "Point", "coordinates": [ 139.7329446, 35.6437449 ] } },
{ "type": "Feature", "properties": { "lat": 35.6604621, "lon": 139.7292786, "name": "日本調剤ケイリバー薬局" }, "geometry": { "type": "Point", "coordinates": [ 139.729278599999986, 35.6604621 ] } },
{ "type": "Feature", "properties": { "lat": 35.6367623, "lon": 139.7240769, "name": "調剤薬局ツルハドラッグ 白金台店" }, "geometry": { "type": "Point", "coordinates": [ 139.7240769, 35.6367623 ] } },
{ "type": "Feature", "properties": { "lat": 35.6565922, "lon": 139.7178608, "name": "日生薬局 広尾店" }, "geometry": { "type": "Point", "coordinates": [ 139.717860800000011, 35.6565922 ] } },
{ "type": "Feature", "properties": { "lat": 35.6499845, "lon": 139.7227728, "name": "子安薬局 広尾ガーデン店" }, "geometry": { "type": "Point", "coordinates": [ 139.7227728, 35.6499845 ] } },
{ "type": "Feature", "properties": { "lat": 35.6314375, "lon": 139.7306504, "name": "ミナト薬局" }, "geometry": { "type": "Point", "coordinates": [ 139.7306504, 35.6314375 ] } },
{ "type": "Feature", "properties": { "lat": 35.6700801, "lon": 139.741093, "name": "アイン薬局 赤坂溜池店" }, "geometry": { "type": "Point", "coordinates": [ 139.741093, 35.6700801 ] } },
{ "type": "Feature", "properties": { "lat": 35.6545675, "lon": 139.7359908, "name": "薬樹薬局 麻布十番" }, "geometry": { "type": "Point", "coordinates": [ 139.7359908, 35.6545675 ] } },
{ "type": "Feature", "properties": { "lat": 35.6578992, "lon": 139.7230097, "name": "マープル薬局" }, "geometry": { "type": "Point", "coordinates": [ 139.7230097, 35.6578992 ] } },
{ "type": "Feature", "properties": { "lat": 35.6476521, "lon": 139.7354405, "name": "クオール薬局 古川橋店" }, "geometry": { "type": "Point", "coordinates": [ 139.73544050000001, 35.647652099999902 ] } },
{ "type": "Feature", "properties": { "lat": 35.6638825, "lon": 139.7121014, "name": "青山大師堂薬局" }, "geometry": { "type": "Point", "coordinates": [ 139.7121014, 35.6638825 ] } },
{ "type": "Feature", "properties": { "lat": 35.6770549, "lon": 139.7364428, "name": "赤坂太陽薬局" }, "geometry": { "type": "Point", "coordinates": [ 139.7364428, 35.6770549 ] } },
{ "type": "Feature", "properties": { "lat": 35.6634834, "lon": 139.7317131, "name": "子安薬局" }, "geometry": { "type": "Point", "coordinates": [ 139.7317131, 35.6634834 ] } },
{ "type": "Feature", "properties": { "lat": 35.6722057, "lon": 139.7360236, "name": "赤坂駅前薬局" }, "geometry": { "type": "Point", "coordinates": [ 139.73602360000001, 35.6722057 ] } },
{ "type": "Feature", "properties": { "lat": 35.668151, "lon": 139.714863, "name": "薬樹薬局 青山" }, "geometry": { "type": "Point", "coordinates": [ 139.714863, 35.668151 ] } },
{ "type": "Feature", "properties": { "lat": 35.6662082, "lon": 139.757524, "name": "バンビー薬局 ニュー新橋ビル店" }, "geometry": { "type": "Point", "coordinates": [ 139.757524, 35.6662082 ] } },
{ "type": "Feature", "properties": { "lat": 35.6545394, "lon": 139.7433669, "name": "日生薬局 三田店" }, "geometry": { "type": "Point", "coordinates": [ 139.743366900000012, 35.6545394 ] } },
{ "type": "Feature", "properties": { "lat": 35.6616802, "lon": 139.7514894, "name": "メディトピア新橋薬局" }, "geometry": { "type": "Point", "coordinates": [ 139.7514894, 35.6616802 ] } },
{ "type": "Feature", "properties": { "lat": 35.6433647, "lon": 139.7210172, "name": "白金中央薬局" }, "geometry": { "type": "Point", "coordinates": [ 139.7210172, 35.6433647 ] } },
{ "type": "Feature", "properties": { "lat": 35.6443622, "lon": 139.7522583, "name": "芝浦薬局" }, "geometry": { "type": "Point", "coordinates": [ 139.7522583, 35.6443622 ] } },
{ "type": "Feature", "properties": { "lat": 35.632215, "lon": 139.7321417, "name": "あさひ薬局 高輪店" }, "geometry": { "type": "Point", "coordinates": [ 139.7321417, 35.632215 ] } },
{ "type": "Feature", "properties": { "lat": 35.6693334, "lon": 139.7474449, "name": "日生薬局 虎ノ門店" }, "geometry": { "type": "Point", "coordinates": [ 139.7474449, 35.6693334 ] } },
{ "type": "Feature", "properties": { "lat": 35.6449389, "lon": 139.7483938, "name": "ツヅノ薬局 田町店" }, "geometry": { "type": "Point", "coordinates": [ 139.7483938, 35.6449389 ] } },
{ "type": "Feature", "properties": { "lat": 35.6692845, "lon": 139.7475379, "name": "日生薬局 2号店" }, "geometry": { "type": "Point", "coordinates": [ 139.7475379, 35.6692845 ] } },
{ "type": "Feature", "properties": { "lat": 35.6650164, "lon": 139.7575483, "name": "バンビー薬局 本店" }, "geometry": { "type": "Point", "coordinates": [ 139.7575483, 35.6650164 ] } },
{ "type": "Feature", "properties": { "lat": 35.6379542, "lon": 139.7258165, "name": "白金台調剤薬局" }, "geometry": { "type": "Point", "coordinates": [ 139.7258165, 35.6379542 ] } },
{ "type": "Feature", "properties": { "lat": 35.6319236, "lon": 139.7310845, "name": "有限会社 アカビシ薬局" }, "geometry": { "type": "Point", "coordinates": [ 139.7310845, 35.6319236 ] } },
{ "type": "Feature", "properties": { "lat": 35.6682957, "lon": 139.7563786, "name": "宮崎薬局" }, "geometry": { "type": "Point", "coordinates": [ 139.7563786, 35.6682957 ] } },
{ "type": "Feature", "properties": { "lat": 35.6699894, "lon": 139.7512628, "name": "日野薬局 虎ノ門店" }, "geometry": { "type": "Point", "coordinates": [ 139.7512628, 35.6699894 ] } },
{ "type": "Feature", "properties": { "lat": 35.6684084, "lon": 139.7467615, "name": "さくら薬局 虎ノ門2丁目タワー店" }, "geometry": { "type": "Point", "coordinates": [ 139.7467615, 35.6684084 ] } },
{ "type": "Feature", "properties": { "lat": 35.631928, "lon": 139.7312094, "name": "調剤薬局ツルハドラッグ 高輪台店" }, "geometry": { "type": "Point", "coordinates": [ 139.731209400000012, 35.631928 ] } },
{ "type": "Feature", "properties": { "lat": 35.6619666, "lon": 139.7515622, "name": "日本調剤 すぎの木薬局" }, "geometry": { "type": "Point", "coordinates": [ 139.7515622, 35.6619666 ] } },
{ "type": "Feature", "properties": { "lat": 35.6562995, "lon": 139.734564, "name": "そうごう薬局 麻布十番店" }, "geometry": { "type": "Point", "coordinates": [ 139.734564, 35.6562995 ] } },
{ "type": "Feature", "properties": { "lat": 35.6555316, "lon": 139.7540699, "name": "おだいじに薬局 芝大門店" }, "geometry": { "type": "Point", "coordinates": [ 139.7540699, 35.6555316 ] } },
{ "type": "Feature", "properties": { "lat": 35.6305573, "lon": 139.7788269, "name": "台場薬局" }, "geometry": { "type": "Point", "coordinates": [ 139.778826900000013, 35.6305573 ] } },
{ "type": "Feature", "properties": { "lat": 35.6549619, "lon": 139.7530627, "name": "清水薬局 芝公園店" }, "geometry": { "type": "Point", "coordinates": [ 139.753062699999987, 35.6549619 ] } },
{ "type": "Feature", "properties": { "lat": 35.6688487, "lon": 139.7469786, "name": "さくら薬局 虎ノ門店" }, "geometry": { "type": "Point", "coordinates": [ 139.7469786, 35.6688487 ] } },
{ "type": "Feature", "properties": { "lat": 35.6635183, "lon": 139.7518902, "name": "さくら薬局 西新橋2号店" }, "geometry": { "type": "Point", "coordinates": [ 139.7518902, 35.6635183 ] } },
{ "type": "Feature", "properties": { "lat": 35.6365678, "lon": 139.733182, "name": "高輪1丁目薬局" }, "geometry": { "type": "Point", "coordinates": [ 139.733182, 35.6365678 ] } },
{ "type": "Feature", "properties": { "lat": 35.6632665, "lon": 139.7517685, "name": "さくら薬局 西新橋店" }, "geometry": { "type": "Point", "coordinates": [ 139.7517685, 35.6632665 ] } },
{ "type": "Feature", "properties": { "lat": 35.6712368, "lon": 139.7416518, "name": "エースタイル薬局" }, "geometry": { "type": "Point", "coordinates": [ 139.7416518, 35.6712368 ] } },
{ "type": "Feature", "properties": { "lat": 35.6603771, "lon": 139.7153933, "name": "まゆみ薬局 南青山店" }, "geometry": { "type": "Point", "coordinates": [ 139.715393299999988, 35.6603771 ] } },
{ "type": "Feature", "properties": { "lat": 35.6696296, "lon": 139.7545465, "name": "西新橋調剤薬局" }, "geometry": { "type": "Point", "coordinates": [ 139.7545465, 35.6696296 ] } },
{ "type": "Feature", "properties": { "lat": 35.6662082, "lon": 139.757524, "name": "新橋調剤薬局" }, "geometry": { "type": "Point", "coordinates": [ 139.757524, 35.6662082 ] } },
{ "type": "Feature", "properties": { "lat": 35.6692368, "lon": 139.7476198, "name": "あおい調剤薬局" }, "geometry": { "type": "Point", "coordinates": [ 139.7476198, 35.6692368 ] } },
{ "type": "Feature", "properties": { "lat": 35.6524744, "lon": 139.7352345, "name": "日本調剤 麻布十番薬局" }, "geometry": { "type": "Point", "coordinates": [ 139.7352345, 35.6524744 ] } },
{ "type": "Feature", "properties": { "lat": 35.6674254, "lon": 139.7151324, "name": "スギ薬局 南青山店" }, "geometry": { "type": "Point", "coordinates": [ 139.715132399999987, 35.6674254 ] } },
{ "type": "Feature", "properties": { "lat": 35.6693334, "lon": 139.7474449, "name": "日本調剤虎ノ門薬局" }, "geometry": { "type": "Point", "coordinates": [ 139.7474449, 35.6693334 ] } },
{ "type": "Feature", "properties": { "lat": 35.6637468, "lon": 139.7523439, "name": "日本調剤西新橋薬局" }, "geometry": { "type": "Point", "coordinates": [ 139.7523439, 35.6637468 ] } },
{ "type": "Feature", "properties": { "lat": 35.6703806, "lon": 139.733781, "name": "スギ薬局 赤坂店" }, "geometry": { "type": "Point", "coordinates": [ 139.733781, 35.6703806 ] } },
{ "type": "Feature", "properties": { "lat": 35.6688842, "lon": 139.7476797, "name": "ココカラファイン薬局 虎ノ門店" }, "geometry": { "type": "Point", "coordinates": [ 139.7476797, 35.6688842 ] } },
{ "type": "Feature", "properties": { "lat": 35.6278681, "lon": 139.7506395, "name": "株式会社湘南薬品 港南薬局" }, "geometry": { "type": "Point", "coordinates": [ 139.7506395, 35.6278681 ] } },
{ "type": "Feature", "properties": { "lat": 35.6706998, "lon": 139.7200567, "name": "レジーナ薬局 青山店" }, "geometry": { "type": "Point", "coordinates": [ 139.720056699999986, 35.6706998 ] } },
{ "type": "Feature", "properties": { "lat": 35.6317853, "lon": 139.729957, "name": "ナチュラルローソンクオール薬局 高輪台駅前店" }, "geometry": { "type": "Point", "coordinates": [ 139.729957, 35.6317853 ] } },
{ "type": "Feature", "properties": { "lat": 35.6625027, "lon": 139.7516962, "name": "日本調剤 御成門薬局" }, "geometry": { "type": "Point", "coordinates": [ 139.7516962, 35.6625027 ] } },
{ "type": "Feature", "properties": { "lat": 35.6516531, "lon": 139.7508985, "name": "有限会社ライオン ライオン薬局" }, "geometry": { "type": "Point", "coordinates": [ 139.7508985, 35.6516531 ] } },
{ "type": "Feature", "properties": { "lat": 35.6764396, "lon": 139.7360935, "name": "一ツ木薬局" }, "geometry": { "type": "Point", "coordinates": [ 139.73609350000001, 35.6764396 ] } },
{ "type": "Feature", "properties": { "lat": 35.6284651, "lon": 139.7424733, "name": "みらくる薬局 品川駅前店" }, "geometry": { "type": "Point", "coordinates": [ 139.7424733, 35.6284651 ] } },
{ "type": "Feature", "properties": { "lat": 35.6702745, "lon": 139.7417117, "name": "ルビー薬局 赤坂2丁目店" }, "geometry": { "type": "Point", "coordinates": [ 139.7417117, 35.6702745 ] } },
{ "type": "Feature", "properties": { "lat": 35.6469287, "lon": 139.727155, "name": "ゆりの木薬局 南麻布店" }, "geometry": { "type": "Point", "coordinates": [ 139.727155, 35.6469287 ] } },
{ "type": "Feature", "properties": { "lat": 35.6468771, "lon": 139.7312578, "name": "玉菊薬局" }, "geometry": { "type": "Point", "coordinates": [ 139.7312578, 35.6468771 ] } },
{ "type": "Feature", "properties": { "lat": 35.6558049, "lon": 139.7422756, "name": "ナルト薬局" }, "geometry": { "type": "Point", "coordinates": [ 139.7422756, 35.6558049 ] } },
{ "type": "Feature", "properties": { "lat": 35.6366125, "lon": 139.7237913, "name": "白金台鈴薬局" }, "geometry": { "type": "Point", "coordinates": [ 139.723791299999988, 35.6366125 ] } },
{ "type": "Feature", "properties": { "lat": 35.6634548, "lon": 139.751846, "name": "くすり箱薬局" }, "geometry": { "type": "Point", "coordinates": [ 139.751846, 35.6634548 ] } },
{ "type": "Feature", "properties": { "lat": 35.6388466, "lon": 139.7273958, "name": "白金台薬局" }, "geometry": { "type": "Point", "coordinates": [ 139.727395800000011, 35.6388466 ] } },
{ "type": "Feature", "properties": { "lat": 35.65865, "lon": 139.7514588, "name": "慶應義塾大学薬学部附属薬局" }, "geometry": { "type": "Point", "coordinates": [ 139.7514588, 35.65865 ] } },
{ "type": "Feature", "properties": { "lat": 35.6729936, "lon": 139.7381192, "name": "富谷薬局" }, "geometry": { "type": "Point", "coordinates": [ 139.7381192, 35.6729936 ] } },
{ "type": "Feature", "properties": { "lat": 35.6678571, "lon": 139.7593529, "name": "芝口薬局" }, "geometry": { "type": "Point", "coordinates": [ 139.75935290000001, 35.6678571 ] } },
{ "type": "Feature", "properties": { "lat": 35.6624937, "lon": 139.7298457, "name": "グリーン薬局" }, "geometry": { "type": "Point", "coordinates": [ 139.7298457, 35.6624937 ] } },
{ "type": "Feature", "properties": { "lat": 35.6516284, "lon": 139.7525099, "name": "薬局桑山清心堂" }, "geometry": { "type": "Point", "coordinates": [ 139.7525099, 35.6516284 ] } },
{ "type": "Feature", "properties": { "lat": 35.664585, "lon": 139.7124791, "name": "北村薬局" }, "geometry": { "type": "Point", "coordinates": [ 139.7124791, 35.664585 ] } },
{ "type": "Feature", "properties": { "lat": 35.624498, "lon": 139.7401251, "name": "トキワ調剤薬局" }, "geometry": { "type": "Point", "coordinates": [ 139.7401251, 35.624498 ] } },
{ "type": "Feature", "properties": { "lat": 35.6375537, "lon": 139.7388377, "name": "オーベル薬局高輪店" }, "geometry": { "type": "Point", "coordinates": [ 139.7388377, 35.6375537 ] } },
{ "type": "Feature", "properties": { "lat": 35.6680662, "lon": 139.7528064, "name": "虎ノ門鈴薬局 (株)エスシーグループ" }, "geometry": { "type": "Point", "coordinates": [ 139.7528064, 35.6680662 ] } },
{ "type": "Feature", "properties": { "lat": 35.6560483, "lon": 139.7537297, "name": "清水薬局" }, "geometry": { "type": "Point", "coordinates": [ 139.7537297, 35.6560483 ] } },
{ "type": "Feature", "properties": { "lat": 35.6821483, "lon": 139.8337266, "name": "株式会社ファーマみらい 共創未来 北砂5丁目薬局" }, "geometry": { "type": "Point", "coordinates": [ 139.8337266, 35.6821483 ] } },
{ "type": "Feature", "properties": { "lat": 35.661595, "lon": 139.8056455, "name": "杏林堂薬局 深川店" }, "geometry": { "type": "Point", "coordinates": [ 139.8056455, 35.661595 ] } },
{ "type": "Feature", "properties": { "lat": 35.6536575, "lon": 139.797828, "name": "杏林堂薬局 豊洲店" }, "geometry": { "type": "Point", "coordinates": [ 139.797828, 35.6536575 ] } },
{ "type": "Feature", "properties": { "lat": 35.6683434, "lon": 139.8070932, "name": "杏林堂薬局 木場店" }, "geometry": { "type": "Point", "coordinates": [ 139.8070932, 35.6683434 ] } },
{ "type": "Feature", "properties": { "lat": 35.6685974, "lon": 139.816667, "name": "杏林堂薬局 東陽町店" }, "geometry": { "type": "Point", "coordinates": [ 139.816667, 35.6685974 ] } },
{ "type": "Feature", "properties": { "lat": 35.6887476, "lon": 139.8330347, "name": "あい薬局 2号店" }, "geometry": { "type": "Point", "coordinates": [ 139.833034700000013, 35.6887476 ] } },
{ "type": "Feature", "properties": { "lat": 35.687687, "lon": 139.8383115, "name": "たかぎ薬局" }, "geometry": { "type": "Point", "coordinates": [ 139.8383115, 35.687687 ] } },
{ "type": "Feature", "properties": { "lat": 35.6991853, "lon": 139.8275754, "name": "すまいる薬局 亀戸中央通り店" }, "geometry": { "type": "Point", "coordinates": [ 139.8275754, 35.6991853 ] } },
{ "type": "Feature", "properties": { "lat": 35.6691004, "lon": 139.8046356, "name": "ジャスミン薬局" }, "geometry": { "type": "Point", "coordinates": [ 139.804635600000012, 35.6691004 ] } },
{ "type": "Feature", "properties": { "lat": 35.6823815, "lon": 139.8197839, "name": "松田薬局 扇橋店" }, "geometry": { "type": "Point", "coordinates": [ 139.8197839, 35.6823815 ] } },
{ "type": "Feature", "properties": { "lat": 35.6946494, "lon": 139.826421, "name": "有限会社モネット サン薬局" }, "geometry": { "type": "Point", "coordinates": [ 139.826421, 35.6946494 ] } },
{ "type": "Feature", "properties": { "lat": 35.6904425, "lon": 139.8436478, "name": "あおぞら薬局 東大島店" }, "geometry": { "type": "Point", "coordinates": [ 139.843647800000014, 35.6904425 ] } },
{ "type": "Feature", "properties": { "lat": 35.6748131, "lon": 139.7957676, "name": "みよの台薬局 門前仲町店" }, "geometry": { "type": "Point", "coordinates": [ 139.7957676, 35.6748131 ] } },
{ "type": "Feature", "properties": { "lat": 35.6720327, "lon": 139.8229592, "name": "みよの台薬局 南砂店" }, "geometry": { "type": "Point", "coordinates": [ 139.822959200000014, 35.6720327 ] } },
{ "type": "Feature", "properties": { "lat": 35.6822525, "lon": 139.7987778, "name": "サエラ薬局 清澄白河店" }, "geometry": { "type": "Point", "coordinates": [ 139.798777800000011, 35.6822525 ] } },
{ "type": "Feature", "properties": { "lat": 35.6474979, "lon": 139.8009453, "name": "アイセイハート薬局 東雲店" }, "geometry": { "type": "Point", "coordinates": [ 139.8009453, 35.6474979 ] } },
{ "type": "Feature", "properties": { "lat": 35.6880555, "lon": 139.8026128, "name": "アイセイ薬局 森下店" }, "geometry": { "type": "Point", "coordinates": [ 139.8026128, 35.6880555 ] } },
{ "type": "Feature", "properties": { "lat": 35.7013874, "lon": 139.8235095, "name": "アイセイ薬局 亀戸店" }, "geometry": { "type": "Point", "coordinates": [ 139.8235095, 35.7013874 ] } },
{ "type": "Feature", "properties": { "lat": 35.6895563, "lon": 139.8406742, "name": "ファーブケア薬局" }, "geometry": { "type": "Point", "coordinates": [ 139.8406742, 35.6895563 ] } },
{ "type": "Feature", "properties": { "lat": 35.6800716, "lon": 139.8161552, "name": "ヒロ薬局" }, "geometry": { "type": "Point", "coordinates": [ 139.8161552, 35.6800716 ] } },
{ "type": "Feature", "properties": { "lat": 35.6699367, "lon": 139.8191029, "name": "トレンドファーマ株式会社 ユーワ薬局 東陽町駅前店" }, "geometry": { "type": "Point", "coordinates": [ 139.8191029, 35.6699367 ] } },
{ "type": "Feature", "properties": { "lat": 35.653265, "lon": 139.7957248, "name": "南山堂薬局 豊洲店" }, "geometry": { "type": "Point", "coordinates": [ 139.795724799999988, 35.653265 ] } },
{ "type": "Feature", "properties": { "lat": 35.6826483, "lon": 139.8141868, "name": "ヒロ薬局さくらべーる" }, "geometry": { "type": "Point", "coordinates": [ 139.814186799999987, 35.6826483 ] } },
{ "type": "Feature", "properties": { "lat": 35.6784487, "lon": 139.8171444, "name": "南山堂薬局 江東千石店" }, "geometry": { "type": "Point", "coordinates": [ 139.817144399999989, 35.6784487 ] } },
{ "type": "Feature", "properties": { "lat": 35.6812254, "lon": 139.7991125, "name": "大竹薬局清澄白河店" }, "geometry": { "type": "Point", "coordinates": [ 139.7991125, 35.6812254 ] } },
{ "type": "Feature", "properties": { "lat": 35.6886704, "lon": 139.8324749, "name": "あい薬局" }, "geometry": { "type": "Point", "coordinates": [ 139.8324749, 35.6886704 ] } },
{ "type": "Feature", "properties": { "lat": 35.6729978, "lon": 139.8362759, "name": "株式会社綜和 あんしん薬局" }, "geometry": { "type": "Point", "coordinates": [ 139.8362759, 35.6729978 ] } },
{ "type": "Feature", "properties": { "lat": 35.6801591, "lon": 139.8344635, "name": "ファーブ薬局 砂町銀座店" }, "geometry": { "type": "Point", "coordinates": [ 139.8344635, 35.6801591 ] } },
{ "type": "Feature", "properties": { "lat": 35.6804544, "lon": 139.7992282, "name": "クローバー薬局 清澄白河店" }, "geometry": { "type": "Point", "coordinates": [ 139.799228199999988, 35.6804544 ] } },
{ "type": "Feature", "properties": { "lat": 35.6781019, "lon": 139.8345916, "name": "どんぐり薬局" }, "geometry": { "type": "Point", "coordinates": [ 139.83459160000001, 35.6781019 ] } },
{ "type": "Feature", "properties": { "lat": 35.6895688, "lon": 139.7995671, "name": "高橋薬局 森下店" }, "geometry": { "type": "Point", "coordinates": [ 139.7995671, 35.6895688 ] } },
{ "type": "Feature", "properties": { "lat": 35.6901984, "lon": 139.8379386, "name": "ひかり薬局" }, "geometry": { "type": "Point", "coordinates": [ 139.8379386, 35.6901984 ] } },
{ "type": "Feature", "properties": { "lat": 35.6824348, "lon": 139.8258063, "name": "アイセイ薬局北砂店" }, "geometry": { "type": "Point", "coordinates": [ 139.825806300000011, 35.6824348 ] } },
{ "type": "Feature", "properties": { "lat": 35.7044455, "lon": 139.8234698, "name": "ベイ薬局" }, "geometry": { "type": "Point", "coordinates": [ 139.8234698, 35.7044455 ] } },
{ "type": "Feature", "properties": { "lat": 35.6845192, "lon": 139.8423142, "name": "砂町パール薬局" }, "geometry": { "type": "Point", "coordinates": [ 139.8423142, 35.6845192 ] } },
{ "type": "Feature", "properties": { "lat": 35.668611, "lon": 139.8049726, "name": "薬局日本Mメディカルステム 木場店" }, "geometry": { "type": "Point", "coordinates": [ 139.804972600000013, 35.668611 ] } },
{ "type": "Feature", "properties": { "lat": 35.6671342, "lon": 139.8000956, "name": "薬局メディクス 深川店" }, "geometry": { "type": "Point", "coordinates": [ 139.8000956, 35.6671342 ] } },
{ "type": "Feature", "properties": { "lat": 35.694143, "lon": 139.8257316, "name": "五ノ橋薬局" }, "geometry": { "type": "Point", "coordinates": [ 139.825731600000012, 35.694143 ] } },
{ "type": "Feature", "properties": { "lat": 35.6350507, "lon": 139.7932299, "name": "ウイン薬局 有明店" }, "geometry": { "type": "Point", "coordinates": [ 139.7932299, 35.6350507 ] } },
{ "type": "Feature", "properties": { "lat": 35.688939, "lon": 139.835362, "name": "薬局日本メディカルシステム 木場店" }, "geometry": { "type": "Point", "coordinates": [ 139.835362, 35.688939 ] } },
{ "type": "Feature", "properties": { "lat": 35.6890116, "lon": 139.8279743, "name": "スギ薬局 大島5丁目店" }, "geometry": { "type": "Point", "coordinates": [ 139.8279743, 35.6890116 ] } },
{ "type": "Feature", "properties": { "lat": 35.6963478, "lon": 139.8271473, "name": "スギ薬局 大島調剤店" }, "geometry": { "type": "Point", "coordinates": [ 139.8271473, 35.6963478 ] } },
{ "type": "Feature", "properties": { "lat": 35.6690219, "lon": 139.8167782, "name": "クオール薬局 亀戸店" }, "geometry": { "type": "Point", "coordinates": [ 139.816778199999987, 35.6690219 ] } },
{ "type": "Feature", "properties": { "lat": 35.6700019, "lon": 139.8134728, "name": "健幸堂薬局 東陽町店" }, "geometry": { "type": "Point", "coordinates": [ 139.8134728, 35.6700019 ] } },
{ "type": "Feature", "properties": { "lat": 35.6668412, "lon": 139.7981317, "name": "薬局くすりの福太郎 東陽町3丁目店" }, "geometry": { "type": "Point", "coordinates": [ 139.7981317, 35.6668412 ] } },
{ "type": "Feature", "properties": { "lat": 35.6800521, "lon": 139.834763, "name": "ほうもん薬局 江東店" }, "geometry": { "type": "Point", "coordinates": [ 139.834763, 35.6800521 ] } },
{ "type": "Feature", "properties": { "lat": 35.6816086, "lon": 139.8039462, "name": "日本調剤 砂町薬局" }, "geometry": { "type": "Point", "coordinates": [ 139.803946200000013, 35.6816086 ] } },
{ "type": "Feature", "properties": { "lat": 35.6899801, "lon": 139.8451689, "name": "いちょう薬局 清澄白河店" }, "geometry": { "type": "Point", "coordinates": [ 139.8451689, 35.6899801 ] } },
{ "type": "Feature", "properties": { "lat": 35.6875261, "lon": 139.7981021, "name": "エンジェル薬局 すこやか店" }, "geometry": { "type": "Point", "coordinates": [ 139.7981021, 35.6875261 ] } },
{ "type": "Feature", "properties": { "lat": 35.7001248, "lon": 139.8252235, "name": "薬局くすりの福太郎 森下1丁目店" }, "geometry": { "type": "Point", "coordinates": [ 139.8252235, 35.7001248 ] } },
{ "type": "Feature", "properties": { "lat": 35.6901691, "lon": 139.8363503, "name": "えびす薬局 亀戸十三間通り店" }, "geometry": { "type": "Point", "coordinates": [ 139.8363503, 35.6901691 ] } },
{ "type": "Feature", "properties": { "lat": 35.6891718, "lon": 139.8341241, "name": "薬局くすりの福太郎 大島6丁目店" }, "geometry": { "type": "Point", "coordinates": [ 139.8341241, 35.6891718 ] } },
{ "type": "Feature", "properties": { "lat": 35.6800079, "lon": 139.8049514, "name": "スリーアイ薬局 大島店" }, "geometry": { "type": "Point", "coordinates": [ 139.8049514, 35.6800079 ] } },
{ "type": "Feature", "properties": { "lat": 35.6997015, "lon": 139.8258363, "name": "おとどけ薬局" }, "geometry": { "type": "Point", "coordinates": [ 139.8258363, 35.6997015 ] } },
{ "type": "Feature", "properties": { "lat": 35.6950297, "lon": 139.829422, "name": "アップル薬局" }, "geometry": { "type": "Point", "coordinates": [ 139.829422, 35.6950297 ] } },
{ "type": "Feature", "properties": { "lat": 35.6950297, "lon": 139.829422, "name": "ココカラファイン薬局 カメイドクロック店" }, "geometry": { "type": "Point", "coordinates": [ 139.829422, 35.6950297 ] } },
{ "type": "Feature", "properties": { "lat": 35.6855636, "lon": 139.7986932, "name": "あけぼの薬局 カメイドクロック店" }, "geometry": { "type": "Point", "coordinates": [ 139.7986932, 35.6855636 ] } },
{ "type": "Feature", "properties": { "lat": 35.6709788, "lon": 139.7987027, "name": "おもいで薬局" }, "geometry": { "type": "Point", "coordinates": [ 139.7987027, 35.6709788 ] } },
{ "type": "Feature", "properties": { "lat": 35.6902032, "lon": 139.8413807, "name": "薬のヒグチ薬局 門前仲町店" }, "geometry": { "type": "Point", "coordinates": [ 139.8413807, 35.6902032 ] } },
{ "type": "Feature", "properties": { "lat": 35.6888952, "lon": 139.8330891, "name": "オハナ薬局" }, "geometry": { "type": "Point", "coordinates": [ 139.8330891, 35.6888952 ] } },
{ "type": "Feature", "properties": { "lat": 35.6699759, "lon": 139.7995608, "name": "ニック大島薬局" }, "geometry": { "type": "Point", "coordinates": [ 139.7995608, 35.6699759 ] } },
{ "type": "Feature", "properties": { "lat": 35.6893433, "lon": 139.8133832, "name": "アイン薬局 門前仲町店" }, "geometry": { "type": "Point", "coordinates": [ 139.8133832, 35.6893433 ] } },
{ "type": "Feature", "properties": { "lat": 35.6908083, "lon": 139.8436494, "name": "ぱぱす薬局 住吉店" }, "geometry": { "type": "Point", "coordinates": [ 139.8436494, 35.6908083 ] } },
{ "type": "Feature", "properties": { "lat": 35.6697733, "lon": 139.815106, "name": "薬局トモズ 東大島店" }, "geometry": { "type": "Point", "coordinates": [ 139.815106, 35.6697733 ] } },
{ "type": "Feature", "properties": { "lat": 35.6702037, "lon": 139.7992943, "name": "薬局くすりの福太郎 東陽町店" }, "geometry": { "type": "Point", "coordinates": [ 139.799294300000014, 35.6702037 ] } },
{ "type": "Feature", "properties": { "lat": 35.6740288, "lon": 139.7936193, "name": "もんなか薬局" }, "geometry": { "type": "Point", "coordinates": [ 139.793619299999989, 35.674028799999903 ] } },
{ "type": "Feature", "properties": { "lat": 35.6764308, "lon": 139.8268768, "name": "門仲みつばち薬局" }, "geometry": { "type": "Point", "coordinates": [ 139.8268768, 35.6764308 ] } },
{ "type": "Feature", "properties": { "lat": 35.6722651, "lon": 139.7944241, "name": "かちどき薬局 みなみすな店" }, "geometry": { "type": "Point", "coordinates": [ 139.794424099999986, 35.6722651 ] } },
{ "type": "Feature", "properties": { "lat": 35.6546696, "lon": 139.7951094, "name": "いちょう薬局 プラザ門前仲町店" }, "geometry": { "type": "Point", "coordinates": [ 139.7951094, 35.6546696 ] } },
{ "type": "Feature", "properties": { "lat": 35.6798094, "lon": 139.8328669, "name": "パンダ薬局 豊洲店" }, "geometry": { "type": "Point", "coordinates": [ 139.8328669, 35.6798094 ] } },
{ "type": "Feature", "properties": { "lat": 35.6988594, "lon": 139.8243557, "name": "あすか薬局 北砂店" }, "geometry": { "type": "Point", "coordinates": [ 139.824355700000012, 35.6988594 ] } },
{ "type": "Feature", "properties": { "lat": 35.6732056, "lon": 139.796551, "name": "オーブ薬局 亀戸店" }, "geometry": { "type": "Point", "coordinates": [ 139.796551, 35.6732056 ] } },
{ "type": "Feature", "properties": { "lat": 35.695734, "lon": 139.828059, "name": "きらり薬局 門前仲町店" }, "geometry": { "type": "Point", "coordinates": [ 139.828059, 35.695734 ] } },
{ "type": "Feature", "properties": { "lat": 35.6389401, "lon": 139.793766, "name": "薬ヒグチ薬局 亀戸東口店" }, "geometry": { "type": "Point", "coordinates": [ 139.793766, 35.6389401 ] } },
{ "type": "Feature", "properties": { "lat": 35.6547265, "lon": 139.7972706, "name": "薬局トモズ 有明ガーデン店" }, "geometry": { "type": "Point", "coordinates": [ 139.7972706, 35.6547265 ] } },
{ "type": "Feature", "properties": { "lat": 35.6754166, "lon": 139.8254024, "name": "日本調剤 豊洲駅前薬局" }, "geometry": { "type": "Point", "coordinates": [ 139.8254024, 35.6754166 ] } },
{ "type": "Feature", "properties": { "lat": 35.6781046, "lon": 139.805805, "name": "ココカラファイン薬局 東陽町店" }, "geometry": { "type": "Point", "coordinates": [ 139.805805, 35.6781046 ] } },
{ "type": "Feature", "properties": { "lat": 35.7044785, "lon": 139.8198587, "name": "ウエルシア薬局 江東平野店" }, "geometry": { "type": "Point", "coordinates": [ 139.8198587, 35.7044785 ] } },
{ "type": "Feature", "properties": { "lat": 35.6699372, "lon": 139.819301, "name": "おおぞら薬局" }, "geometry": { "type": "Point", "coordinates": [ 139.819301, 35.6699372 ] } },
{ "type": "Feature", "properties": { "lat": 35.6793261, "lon": 139.8272773, "name": "薬局マツモトキヨシ 東陽町駅前店" }, "geometry": { "type": "Point", "coordinates": [ 139.8272773, 35.6793261 ] } },
{ "type": "Feature", "properties": { "lat": 35.672064, "lon": 139.8199701, "name": "そうごう薬局 江東北砂店" }, "geometry": { "type": "Point", "coordinates": [ 139.8199701, 35.672064 ] } },
{ "type": "Feature", "properties": { "lat": 35.6737367, "lon": 139.8024116, "name": "薬局くすりの福太郎 南砂2丁目店" }, "geometry": { "type": "Point", "coordinates": [ 139.8024116, 35.6737367 ] } },
{ "type": "Feature", "properties": { "lat": 35.694604, "lon": 139.8265431, "name": "江東冬木薬局" }, "geometry": { "type": "Point", "coordinates": [ 139.8265431, 35.694604 ] } },
{ "type": "Feature", "properties": { "lat": 35.6852133, "lon": 139.8163531, "name": "象山薬局" }, "geometry": { "type": "Point", "coordinates": [ 139.816353099999986, 35.6852133 ] } },
{ "type": "Feature", "properties": { "lat": 35.6991043, "lon": 139.8253453, "name": "さくら薬局 猿江店" }, "geometry": { "type": "Point", "coordinates": [ 139.8253453, 35.6991043 ] } },
{ "type": "Feature", "properties": { "lat": 35.6455383, "lon": 139.8056966, "name": "あけぼの薬局 亀戸店" }, "geometry": { "type": "Point", "coordinates": [ 139.8056966, 35.6455383 ] } },
{ "type": "Feature", "properties": { "lat": 35.6798305, "lon": 139.8331574, "name": "薬局くすりの福太郎 東雲店" }, "geometry": { "type": "Point", "coordinates": [ 139.8331574, 35.6798305 ] } },
{ "type": "Feature", "properties": { "lat": 35.6780127, "lon": 139.8122978, "name": "北砂薬局" }, "geometry": { "type": "Point", "coordinates": [ 139.81229780000001, 35.6780127 ] } },
{ "type": "Feature", "properties": { "lat": 35.6512433, "lon": 139.7967121, "name": "スギ薬局 江東千石店" }, "geometry": { "type": "Point", "coordinates": [ 139.7967121, 35.6512433 ] } },
{ "type": "Feature", "properties": { "lat": 35.6737374, "lon": 139.784443, "name": "そうごう薬局 豊洲店" }, "geometry": { "type": "Point", "coordinates": [ 139.784443, 35.6737374 ] } },
{ "type": "Feature", "properties": { "lat": 35.6909307, "lon": 139.8422499, "name": "タカラ薬局 深川" }, "geometry": { "type": "Point", "coordinates": [ 139.842249900000013, 35.6909307 ] } },
{ "type": "Feature", "properties": { "lat": 35.6804752, "lon": 139.8344133, "name": "ウエルシア薬局 ダイエー東大島店" }, "geometry": { "type": "Point", "coordinates": [ 139.8344133, 35.6804752 ] } },
{ "type": "Feature", "properties": { "lat": 35.6898319, "lon": 139.8260992, "name": "ヤマグチ薬局 砂町店" }, "geometry": { "type": "Point", "coordinates": [ 139.826099199999987, 35.6898319 ] } },
{ "type": "Feature", "properties": { "lat": 35.6882045, "lon": 139.797462, "name": "アリス調剤薬局" }, "geometry": { "type": "Point", "coordinates": [ 139.797462, 35.6882045 ] } },
{ "type": "Feature", "properties": { "lat": 35.6892555, "lon": 139.8332139, "name": "森下駅前調剤薬局" }, "geometry": { "type": "Point", "coordinates": [ 139.8332139, 35.6892555 ] } },
{ "type": "Feature", "properties": { "lat": 35.697406, "lon": 139.8201338, "name": "ドリーム薬局 大島店" }, "geometry": { "type": "Point", "coordinates": [ 139.8201338, 35.697406 ] } },
{ "type": "Feature", "properties": { "lat": 35.6520438, "lon": 139.7963644, "name": "スギ薬局 亀戸店" }, "geometry": { "type": "Point", "coordinates": [ 139.796364399999987, 35.6520438 ] } },
{ "type": "Feature", "properties": { "lat": 35.6485619, "lon": 139.8021524, "name": "江東とよす薬局" }, "geometry": { "type": "Point", "coordinates": [ 139.802152400000011, 35.6485619 ] } },
{ "type": "Feature", "properties": { "lat": 35.670111, "lon": 139.8166399, "name": "ファーコス薬局 豊洲" }, "geometry": { "type": "Point", "coordinates": [ 139.816639900000013, 35.670111 ] } },
{ "type": "Feature", "properties": { "lat": 35.6858542, "lon": 139.8046056, "name": "イオン薬局 第二東雲店" }, "geometry": { "type": "Point", "coordinates": [ 139.8046056, 35.6858542 ] } },
{ "type": "Feature", "properties": { "lat": 35.6683354, "lon": 139.8305353, "name": "富士薬局" }, "geometry": { "type": "Point", "coordinates": [ 139.8305353, 35.6683354 ] } },
{ "type": "Feature", "properties": { "lat": 35.69836, "lon": 139.8261193, "name": "あけぼの薬局 森下店" }, "geometry": { "type": "Point", "coordinates": [ 139.826119299999988, 35.69836 ] } },
{ "type": "Feature", "properties": { "lat": 35.6678503, "lon": 139.8175035, "name": "ぱぱす薬局 南砂町駅前店" }, "geometry": { "type": "Point", "coordinates": [ 139.817503499999987, 35.6678503 ] } },
{ "type": "Feature", "properties": { "lat": 35.6722693, "lon": 139.8015587, "name": "そうごう薬局 亀戸駅前店" }, "geometry": { "type": "Point", "coordinates": [ 139.801558699999987, 35.6722693 ] } },
{ "type": "Feature", "properties": { "lat": 35.6962047, "lon": 139.8314903, "name": "薬局ケーアイファーマシー東陽" }, "geometry": { "type": "Point", "coordinates": [ 139.831490300000013, 35.6962047 ] } },
{ "type": "Feature", "properties": { "lat": 35.6888212, "lon": 139.8275971, "name": "スギ薬局 江東富岡店" }, "geometry": { "type": "Point", "coordinates": [ 139.8275971, 35.6888212 ] } },
{ "type": "Feature", "properties": { "lat": 35.6899199, "lon": 139.8341366, "name": "亀戸調剤薬局" }, "geometry": { "type": "Point", "coordinates": [ 139.8341366, 35.6899199 ] } },
{ "type": "Feature", "properties": { "lat": 35.6691535, "lon": 139.8080428, "name": "江東区薬剤師会 江東区管理センター(城東調剤薬局)" }, "geometry": { "type": "Point", "coordinates": [ 139.80804280000001, 35.6691535 ] } },
{ "type": "Feature", "properties": { "lat": 35.6730167, "lon": 139.8360779, "name": "薬局くすりの福太郎 大島駅前店" }, "geometry": { "type": "Point", "coordinates": [ 139.8360779, 35.6730167 ] } },
{ "type": "Feature", "properties": { "lat": 35.6573821, "lon": 139.7948584, "name": "木場薬局" }, "geometry": { "type": "Point", "coordinates": [ 139.79485840000001, 35.6573821 ] } },
{ "type": "Feature", "properties": { "lat": 35.6534772, "lon": 139.795894, "name": "ぱぱす薬局 東砂店" }, "geometry": { "type": "Point", "coordinates": [ 139.795894, 35.6534772 ] } },
{ "type": "Feature", "properties": { "lat": 35.676819, "lon": 139.8273012, "name": "ぱぱす薬局 豊洲フォレシア店" }, "geometry": { "type": "Point", "coordinates": [ 139.8273012, 35.676819 ] } },
{ "type": "Feature", "properties": { "lat": 35.6702317, "lon": 139.816159, "name": "薬局くすりの福太郎 豊洲店" }, "geometry": { "type": "Point", "coordinates": [ 139.816159, 35.6702317 ] } },
{ "type": "Feature", "properties": { "lat": 35.68982, "lon": 139.8335, "name": "薬局くすりの福太郎 南砂店" }, "geometry": { "type": "Point", "coordinates": [ 139.8335, 35.68982 ] } },
{ "type": "Feature", "properties": { "lat": 35.6715093, "lon": 139.7987442, "name": "パンダ薬局 東陽町店" }, "geometry": { "type": "Point", "coordinates": [ 139.798744199999987, 35.6715093 ] } },
{ "type": "Feature", "properties": { "lat": 35.6301795, "lon": 139.7925657, "name": "薬局くすりの福太郎 公団店" }, "geometry": { "type": "Point", "coordinates": [ 139.792565700000011, 35.6301795 ] } },
{ "type": "Feature", "properties": { "lat": 35.6488006, "lon": 139.8022671, "name": "深川ゆうき薬局" }, "geometry": { "type": "Point", "coordinates": [ 139.8022671, 35.6488006 ] } },
{ "type": "Feature", "properties": { "lat": 35.6308953, "lon": 139.790628, "name": "ニック有明調剤薬局" }, "geometry": { "type": "Point", "coordinates": [ 139.790628, 35.6308953 ] } },
{ "type": "Feature", "properties": { "lat": 35.6722121, "lon": 139.8353799, "name": "イオン薬局 東雲店" }, "geometry": { "type": "Point", "coordinates": [ 139.8353799, 35.6722121 ] } },
{ "type": "Feature", "properties": { "lat": 35.6873227, "lon": 139.825697, "name": "薬局ワンザファーマシー" }, "geometry": { "type": "Point", "coordinates": [ 139.825697, 35.6873227 ] } },
{ "type": "Feature", "properties": { "lat": 35.6702281, "lon": 139.8111798, "name": "イオン薬局 南砂店" }, "geometry": { "type": "Point", "coordinates": [ 139.8111798, 35.6702281 ] } },
{ "type": "Feature", "properties": { "lat": 35.6593551, "lon": 139.8162862, "name": "西大島薬局" }, "geometry": { "type": "Point", "coordinates": [ 139.8162862, 35.6593551 ] } },
{ "type": "Feature", "properties": { "lat": 35.682263, "lon": 139.8054638, "name": "三木青雲堂薬局" }, "geometry": { "type": "Point", "coordinates": [ 139.805463800000012, 35.682263 ] } },
{ "type": "Feature", "properties": { "lat": 35.6542482, "lon": 139.7973433, "name": "潮見薬局" }, "geometry": { "type": "Point", "coordinates": [ 139.7973433, 35.6542482 ] } },
{ "type": "Feature", "properties": { "lat": 35.6855715, "lon": 139.7991545, "name": "薬局マツモトキヨシ 白河三丁目店" }, "geometry": { "type": "Point", "coordinates": [ 139.799154499999986, 35.6855715 ] } },
{ "type": "Feature", "properties": { "lat": 35.6729954, "lon": 139.8159307, "name": "豊洲薬局" }, "geometry": { "type": "Point", "coordinates": [ 139.8159307, 35.6729954 ] } },
{ "type": "Feature", "properties": { "lat": 35.6738634, "lon": 139.7955103, "name": "高橋薬局 ファミロード店" }, "geometry": { "type": "Point", "coordinates": [ 139.795510299999989, 35.6738634 ] } },
{ "type": "Feature", "properties": { "lat": 35.6665656, "lon": 139.7951658, "name": "江東区薬剤師会 深川調剤薬局" }, "geometry": { "type": "Point", "coordinates": [ 139.7951658, 35.6665656 ] } },
{ "type": "Feature", "properties": { "lat": 35.6970501, "lon": 139.8276783, "name": "秋山調剤薬局" }, "geometry": { "type": "Point", "coordinates": [ 139.8276783, 35.6970501 ] } },
{ "type": "Feature", "properties": { "lat": 35.6870514, "lon": 139.7985693, "name": "ベル・グリーン薬局" }, "geometry": { "type": "Point", "coordinates": [ 139.7985693, 35.6870514 ] } },
{ "type": "Feature", "properties": { "lat": 35.6710177, "lon": 139.8173642, "name": "平成薬局 亀戸店" }, "geometry": { "type": "Point", "coordinates": [ 139.817364199999986, 35.6710177 ] } },
{ "type": "Feature", "properties": { "lat": 35.6999252, "lon": 139.8403306, "name": "長谷川薬局" }, "geometry": { "type": "Point", "coordinates": [ 139.840330599999987, 35.6999252 ] } },
{ "type": "Feature", "properties": { "lat": 35.6960258, "lon": 139.8456405, "name": "さち薬局" }, "geometry": { "type": "Point", "coordinates": [ 139.8456405, 35.6960258 ] } },
{ "type": "Feature", "properties": { "lat": 35.6986816, "lon": 139.8336201, "name": "大洋薬局 亀戸店" }, "geometry": { "type": "Point", "coordinates": [ 139.8336201, 35.6986816 ] } },
{ "type": "Feature", "properties": { "lat": 35.6883319, "lon": 139.7996347, "name": "日本調剤 江東薬局" }, "geometry": { "type": "Point", "coordinates": [ 139.799634700000013, 35.6883319 ] } },
{ "type": "Feature", "properties": { "lat": 35.6863656, "lon": 139.806049, "name": "ファーマライズ薬局 亀戸店" }, "geometry": { "type": "Point", "coordinates": [ 139.806049, 35.686365599999903 ] } },
{ "type": "Feature", "properties": { "lat": 35.6969228, "lon": 139.8278571, "name": "合資会社 三森龍天堂薬局" }, "geometry": { "type": "Point", "coordinates": [ 139.827857099999989, 35.6969228 ] } },
{ "type": "Feature", "properties": { "lat": 35.6679846, "lon": 139.8315334, "name": "タカラ薬局 森下店" }, "geometry": { "type": "Point", "coordinates": [ 139.831533400000012, 35.6679846 ] } },
{ "type": "Feature", "properties": { "lat": 35.6680338, "lon": 139.7959648, "name": "ユタカ薬局" }, "geometry": { "type": "Point", "coordinates": [ 139.7959648, 35.6680338 ] } },
{ "type": "Feature", "properties": { "lat": 35.6762625, "lon": 139.7955697, "name": "なの花薬局 新砂店" }, "geometry": { "type": "Point", "coordinates": [ 139.795569699999987, 35.6762625 ] } },
{ "type": "Feature", "properties": { "lat": 35.6855387, "lon": 139.7988805, "name": "薬局ケーアイファーマシー 門仲店" }, "geometry": { "type": "Point", "coordinates": [ 139.7988805, 35.6855387 ] } },
{ "type": "Feature", "properties": { "lat": 35.6691121, "lon": 139.8103659, "name": "深一調剤薬局" }, "geometry": { "type": "Point", "coordinates": [ 139.8103659, 35.6691121 ] } },
{ "type": "Feature", "properties": { "lat": 35.6712363, "lon": 139.8165648, "name": "ひらた薬局" }, "geometry": { "type": "Point", "coordinates": [ 139.8165648, 35.6712363 ] } },
{ "type": "Feature", "properties": { "lat": 35.6697465, "lon": 139.8132763, "name": "斉藤薬局" }, "geometry": { "type": "Point", "coordinates": [ 139.813276300000012, 35.6697465 ] } },
{ "type": "Feature", "properties": { "lat": 35.6687954, "lon": 139.8088015, "name": "タカラ薬局 東陽" }, "geometry": { "type": "Point", "coordinates": [ 139.808801499999987, 35.6687954 ] } },
{ "type": "Feature", "properties": { "lat": 35.6700901, "lon": 139.8193052, "name": "スター調剤薬局 東陽店" }, "geometry": { "type": "Point", "coordinates": [ 139.8193052, 35.6700901 ] } },
{ "type": "Feature", "properties": { "lat": 35.6753002, "lon": 139.8153796, "name": "さいとう薬局 みなみ店" }, "geometry": { "type": "Point", "coordinates": [ 139.8153796, 35.6753002 ] } },
{ "type": "Feature", "properties": { "lat": 35.6449625, "lon": 139.8007521, "name": "さくら薬局 東陽店" }, "geometry": { "type": "Point", "coordinates": [ 139.800752100000011, 35.6449625 ] } },
{ "type": "Feature", "properties": { "lat": 35.7011108, "lon": 139.8256336, "name": "イースト21調剤薬局" }, "geometry": { "type": "Point", "coordinates": [ 139.8256336, 35.7011108 ] } },
{ "type": "Feature", "properties": { "lat": 35.701902, "lon": 139.82316, "name": "しののめ薬局49" }, "geometry": { "type": "Point", "coordinates": [ 139.82316, 35.701902 ] } },
{ "type": "Feature", "properties": { "lat": 35.6988502, "lon": 139.8242586, "name": "なの花薬局 亀戸店" }, "geometry": { "type": "Point", "coordinates": [ 139.8242586, 35.6988502 ] } },
{ "type": "Feature", "properties": { "lat": 35.6977655, "lon": 139.8264978, "name": "かばさん薬局 亀戸店" }, "geometry": { "type": "Point", "coordinates": [ 139.8264978, 35.6977655 ] } },
{ "type": "Feature", "properties": { "lat": 35.6983344, "lon": 139.8271573, "name": "シバタ薬局 亀戸店" }, "geometry": { "type": "Point", "coordinates": [ 139.82715730000001, 35.6983344 ] } },
{ "type": "Feature", "properties": { "lat": 35.7013945, "lon": 139.8238195, "name": "ウエルシア薬局 アトレ亀戸店" }, "geometry": { "type": "Point", "coordinates": [ 139.823819500000013, 35.7013945 ] } },
{ "type": "Feature", "properties": { "lat": 35.7017291, "lon": 139.820262, "name": "コスモ薬局" }, "geometry": { "type": "Point", "coordinates": [ 139.820262, 35.7017291 ] } },
{ "type": "Feature", "properties": { "lat": 35.6815527, "lon": 139.807398, "name": "十二調剤薬局" }, "geometry": { "type": "Point", "coordinates": [ 139.807398, 35.6815527 ] } },
{ "type": "Feature", "properties": { "lat": 35.6688346, "lon": 139.7982246, "name": "杉下薬局" }, "geometry": { "type": "Point", "coordinates": [ 139.7982246, 35.6688346 ] } },
{ "type": "Feature", "properties": { "lat": 35.6591703, "lon": 139.7930083, "name": "白河調剤薬局" }, "geometry": { "type": "Point", "coordinates": [ 139.7930083, 35.6591703 ] } },
{ "type": "Feature", "properties": { "lat": 35.6594424, "lon": 139.8148512, "name": "牡丹薬局" }, "geometry": { "type": "Point", "coordinates": [ 139.8148512, 35.6594424 ] } },
{ "type": "Feature", "properties": { "lat": 35.669705, "lon": 139.8377317, "name": "汐浜薬局" }, "geometry": { "type": "Point", "coordinates": [ 139.8377317, 35.669705 ] } },
{ "type": "Feature", "properties": { "lat": 35.6720567, "lon": 139.8329639, "name": "あけぼの薬局 潮見店" }, "geometry": { "type": "Point", "coordinates": [ 139.83296390000001, 35.6720567 ] } },
{ "type": "Feature", "properties": { "lat": 35.6763528, "lon": 139.8268475, "name": "ニスモ薬局 南砂店" }, "geometry": { "type": "Point", "coordinates": [ 139.826847500000014, 35.6763528 ] } },
{ "type": "Feature", "properties": { "lat": 35.6716472, "lon": 139.8359921, "name": "うづき薬局" }, "geometry": { "type": "Point", "coordinates": [ 139.8359921, 35.6716472 ] } },
{ "type": "Feature", "properties": { "lat": 35.6798217, "lon": 139.8408328, "name": "かちどき薬局 砂町店" }, "geometry": { "type": "Point", "coordinates": [ 139.840832799999987, 35.6798217 ] } },
{ "type": "Feature", "properties": { "lat": 35.6714508, "lon": 139.8407588, "name": "タカラ薬局 トピレック店" }, "geometry": { "type": "Point", "coordinates": [ 139.8407588, 35.6714508 ] } },
{ "type": "Feature", "properties": { "lat": 35.6682192, "lon": 139.8405705, "name": "ことぶき薬局" }, "geometry": { "type": "Point", "coordinates": [ 139.840570500000013, 35.6682192 ] } },
{ "type": "Feature", "properties": { "lat": 35.6685974, "lon": 139.816667, "name": "あおい薬局" }, "geometry": { "type": "Point", "coordinates": [ 139.816667, 35.6685974 ] } },
{ "type": "Feature", "properties": { "lat": 35.6755478, "lon": 139.841084, "name": "平成薬局" }, "geometry": { "type": "Point", "coordinates": [ 139.841084, 35.6755478 ] } },
{ "type": "Feature", "properties": { "lat": 35.670355, "lon": 139.8342893, "name": "杏林堂薬局" }, "geometry": { "type": "Point", "coordinates": [ 139.8342893, 35.670355 ] } },
{ "type": "Feature", "properties": { "lat": 35.661595, "lon": 139.8056455, "name": "タイム薬局" }, "geometry": { "type": "Point", "coordinates": [ 139.8056455, 35.661595 ] } },
{ "type": "Feature", "properties": { "lat": 35.6756349, "lon": 139.8403512, "name": "つかさ調剤薬局" }, "geometry": { "type": "Point", "coordinates": [ 139.840351199999986, 35.6756349 ] } },
{ "type": "Feature", "properties": { "lat": 35.6841362, "lon": 139.81645, "name": "杏林堂薬局 深川店" }, "geometry": { "type": "Point", "coordinates": [ 139.81645, 35.6841362 ] } },
{ "type": "Feature", "properties": { "lat": 35.6923562, "lon": 139.8442892, "name": "地球堂薬局" }, "geometry": { "type": "Point", "coordinates": [ 139.8442892, 35.6923562 ] } },
{ "type": "Feature", "properties": { "lat": 35.6581173, "lon": 139.7912747, "name": "ベイ薬局 扇橋店" }, "geometry": { "type": "Point", "coordinates": [ 139.7912747, 35.6581173 ] } },
{ "type": "Feature", "properties": { "lat": 35.690071, "lon": 139.8340233, "name": "平田調剤薬局" }, "geometry": { "type": "Point", "coordinates": [ 139.834023300000013, 35.690071 ] } },
{ "type": "Feature", "properties": { "lat": 35.6556632, "lon": 139.7924528, "name": "タカラ薬局 豊洲店" }, "geometry": { "type": "Point", "coordinates": [ 139.7924528, 35.6556632 ] } },
{ "type": "Feature", "properties": { "lat": 35.6827893, "lon": 139.8145048, "name": "大島調剤薬局" }, "geometry": { "type": "Point", "coordinates": [ 139.8145048, 35.6827893 ] } },
{ "type": "Feature", "properties": { "lat": 35.6816548, "lon": 139.8153301, "name": "ウエルシア薬局 ららぽーと豊洲店" }, "geometry": { "type": "Point", "coordinates": [ 139.815330100000011, 35.6816548 ] } },
{ "type": "Feature", "properties": { "lat": 35.6898114, "lon": 139.8130415, "name": "扇橋薬局" }, "geometry": { "type": "Point", "coordinates": [ 139.8130415, 35.6898114 ] } },
{ "type": "Feature", "properties": { "lat": 35.6584153, "lon": 139.7958929, "name": "かばさん薬局 住吉店" }, "geometry": { "type": "Point", "coordinates": [ 139.795892900000013, 35.6584153 ] } },
{ "type": "Feature", "properties": { "lat": 35.6701657, "lon": 139.805235, "name": "ひなた薬局" }, "geometry": { "type": "Point", "coordinates": [ 139.805235, 35.6701657 ] } },
{ "type": "Feature", "properties": { "lat": 35.6904427, "lon": 139.846046, "name": "ナチュラルローソンクオール薬局 豊洲三丁目店" }, "geometry": { "type": "Point", "coordinates": [ 139.846046, 35.6904427 ] } },
{ "type": "Feature", "properties": { "lat": 35.6923245, "lon": 139.8376406, "name": "ランド薬局" }, "geometry": { "type": "Point", "coordinates": [ 139.837640599999986, 35.6923245 ] } },
{ "type": "Feature", "properties": { "lat": 35.6865, "lon": 139.8141531, "name": "あかね薬局" }, "geometry": { "type": "Point", "coordinates": [ 139.8141531, 35.6865 ] } },
{ "type": "Feature", "properties": { "lat": 35.6900072, "lon": 139.8340371, "name": "斉藤薬局" }, "geometry": { "type": "Point", "coordinates": [ 139.834037099999989, 35.6900072 ] } },
{ "type": "Feature", "properties": { "lat": 35.678989, "lon": 139.8235206, "name": "サルエ薬局" }, "geometry": { "type": "Point", "coordinates": [ 139.8235206, 35.678989 ] } },
{ "type": "Feature", "properties": { "lat": 35.6858297, "lon": 139.8210614, "name": "薬局くすりの福太郎 大島店" }, "geometry": { "type": "Point", "coordinates": [ 139.8210614, 35.6858297 ] } },
{ "type": "Feature", "properties": { "lat": 35.6344346, "lon": 139.7916499, "name": "外山薬局 南砂支店" }, "geometry": { "type": "Point", "coordinates": [ 139.79164990000001, 35.6344346 ] } },
{ "type": "Feature", "properties": { "lat": 35.6891404, "lon": 139.8243539, "name": "なの花薬局 大島店" }, "geometry": { "type": "Point", "coordinates": [ 139.8243539, 35.6891404 ] } },
{ "type": "Feature", "properties": { "lat": 35.6816356, "lon": 139.827757, "name": "有明薬局" }, "geometry": { "type": "Point", "coordinates": [ 139.827757, 35.6816356 ] } },
{ "type": "Feature", "properties": { "lat": 35.6796514, "lon": 139.8295755, "name": "林薬局支店" }, "geometry": { "type": "Point", "coordinates": [ 139.8295755, 35.6796514 ] } },
{ "type": "Feature", "properties": { "lat": 35.6896229, "lon": 139.8344658, "name": "みつばち薬局" }, "geometry": { "type": "Point", "coordinates": [ 139.8344658, 35.6896229 ] } },
{ "type": "Feature", "properties": { "lat": 35.6890954, "lon": 139.828261, "name": "株式会社 柳屋薬局" }, "geometry": { "type": "Point", "coordinates": [ 139.828261, 35.6890954 ] } },
{ "type": "Feature", "properties": { "lat": 35.6791462, "lon": 139.8272303, "name": "光画房薬局" }, "geometry": { "type": "Point", "coordinates": [ 139.8272303, 35.6791462 ] } },
{ "type": "Feature", "properties": { "lat": 35.6814743, "lon": 139.8346393, "name": "スギ薬局 大島店" }, "geometry": { "type": "Point", "coordinates": [ 139.8346393, 35.6814743 ] } },
{ "type": "Feature", "properties": { "lat": 35.68162, "lon": 139.8273395, "name": "外山薬局" }, "geometry": { "type": "Point", "coordinates": [ 139.8273395, 35.68162 ] } },
{ "type": "Feature", "properties": { "lat": 35.6923183, "lon": 139.8258262, "name": "日本調剤 仁生堂薬局" }, "geometry": { "type": "Point", "coordinates": [ 139.8258262, 35.6923183 ] } },
{ "type": "Feature", "properties": { "lat": 35.6806471, "lon": 139.8385014, "name": "アポス石田薬局" }, "geometry": { "type": "Point", "coordinates": [ 139.838501400000013, 35.6806471 ] } },
{ "type": "Feature", "properties": { "lat": 35.6896137, "lon": 139.8285704, "name": "スマイル調剤薬局" }, "geometry": { "type": "Point", "coordinates": [ 139.8285704, 35.6896137 ] } },
{ "type": "Feature", "properties": { "lat": 35.6913742, "lon": 139.8259749, "name": "メディトピア江東薬局" }, "geometry": { "type": "Point", "coordinates": [ 139.8259749, 35.6913742 ] } },
{ "type": "Feature", "properties": { "lat": 35.6889038, "lon": 139.8261695, "name": "三一薬局" }, "geometry": { "type": "Point", "coordinates": [ 139.8261695, 35.6889038 ] } },
{ "type": "Feature", "properties": { "lat": 35.6789252, "lon": 139.7983397, "name": "大島薬局" }, "geometry": { "type": "Point", "coordinates": [ 139.798339700000014, 35.6789252 ] } },
{ "type": "Feature", "properties": { "lat": 35.6797208, "lon": 139.8030713, "name": "ミキ薬局 西大島店" }, "geometry": { "type": "Point", "coordinates": [ 139.8030713, 35.6797208 ] } },
{ "type": "Feature", "properties": { "lat": 35.6824077, "lon": 139.7985293, "name": "小島薬局" }, "geometry": { "type": "Point", "coordinates": [ 139.798529300000013, 35.6824077 ] } },
{ "type": "Feature", "properties": { "lat": 35.6870765, "lon": 139.8315348, "name": "みよし薬局" }, "geometry": { "type": "Point", "coordinates": [ 139.831534799999986, 35.6870765 ] } },
{ "type": "Feature", "properties": { "lat": 35.6925411, "lon": 139.8420685, "name": "伊原薬局" }, "geometry": { "type": "Point", "coordinates": [ 139.842068500000011, 35.6925411 ] } },
{ "type": "Feature", "properties": { "lat": 35.6706611, "lon": 139.807569, "name": "ほうゆう薬局" }, "geometry": { "type": "Point", "coordinates": [ 139.807569, 35.6706611 ] } },
{ "type": "Feature", "properties": { "lat": 35.6534514, "lon": 139.7955637, "name": "ふたば薬局" }, "geometry": { "type": "Point", "coordinates": [ 139.7955637, 35.6534514 ] } },
{ "type": "Feature", "properties": { "lat": 35.6557035, "lon": 139.8010827, "name": "木場ライム薬局" }, "geometry": { "type": "Point", "coordinates": [ 139.8010827, 35.6557035 ] } },
{ "type": "Feature", "properties": { "lat": 35.6921095, "lon": 139.8264068, "name": "沢真薬局" }, "geometry": { "type": "Point", "coordinates": [ 139.8264068, 35.6921095 ] } },
{ "type": "Feature", "properties": { "lat": 35.6370628, "lon": 139.7878598, "name": "豊洲ファミリー薬局" }, "geometry": { "type": "Point", "coordinates": [ 139.7878598, 35.6370628 ] } },
{ "type": "Feature", "properties": { "lat": 35.6730287, "lon": 139.7940055, "name": "原田薬局 西大島店" }, "geometry": { "type": "Point", "coordinates": [ 139.7940055, 35.6730287 ] } },
{ "type": "Feature", "properties": { "lat": 35.6737892, "lon": 139.8335955, "name": "ケーファーマシー株式会社 有明ファミリー薬局" }, "geometry": { "type": "Point", "coordinates": [ 139.8335955, 35.6737892 ] } },
{ "type": "Feature", "properties": { "lat": 35.6949281, "lon": 139.8261368, "name": "マエノ薬局門前仲町店" }, "geometry": { "type": "Point", "coordinates": [ 139.8261368, 35.6949281 ] } },
{ "type": "Feature", "properties": { "lat": 35.67953, "lon": 139.8290222, "name": "マルハチ薬局" }, "geometry": { "type": "Point", "coordinates": [ 139.8290222, 35.67953 ] } },
{ "type": "Feature", "properties": { "lat": 35.6718381, "lon": 139.7975614, "name": "のぞみ薬局" }, "geometry": { "type": "Point", "coordinates": [ 139.7975614, 35.6718381 ] } },
{ "type": "Feature", "properties": { "lat": 35.6887663, "lon": 139.8148477, "name": "うさぎ薬局 砂町銀座店" }, "geometry": { "type": "Point", "coordinates": [ 139.8148477, 35.6887663 ] } },
{ "type": "Feature", "properties": { "lat": 35.690471, "lon": 139.8354044, "name": "くるみ薬局" }, "geometry": { "type": "Point", "coordinates": [ 139.835404399999987, 35.690471 ] } },
{ "type": "Feature", "properties": { "lat": 35.6723183, "lon": 139.8199422, "name": "スター調剤薬局 住吉店" }, "geometry": { "type": "Point", "coordinates": [ 139.819942200000014, 35.6723183 ] } },
{ "type": "Feature", "properties": { "lat": 35.6771712, "lon": 139.8279471, "name": "とまと薬局" }, "geometry": { "type": "Point", "coordinates": [ 139.827947099999989, 35.6771712 ] } },
{ "type": "Feature", "properties": { "lat": 35.6877158, "lon": 139.8046591, "name": "ファミリー薬局東陽町店" }, "geometry": { "type": "Point", "coordinates": [ 139.8046591, 35.6877158 ] } },
{ "type": "Feature", "properties": { "lat": 35.6872024, "lon": 139.8290212, "name": "さかい川薬局" }, "geometry": { "type": "Point", "coordinates": [ 139.8290212, 35.6872024 ] } },
{ "type": "Feature", "properties": { "lat": 35.6889174, "lon": 139.8362724, "name": "ひまり薬局 菊川店" }, "geometry": { "type": "Point", "coordinates": [ 139.836272400000013, 35.6889174 ] } },
{ "type": "Feature", "properties": { "lat": 35.6893993, "lon": 139.8323229, "name": "サンコウ薬局" }, "geometry": { "type": "Point", "coordinates": [ 139.8323229, 35.6893993 ] } },
{ "type": "Feature", "properties": { "lat": 35.6729376, "lon": 139.8323943, "name": "うさぎ薬局大島店" }, "geometry": { "type": "Point", "coordinates": [ 139.8323943, 35.6729376 ] } },
{ "type": "Feature", "properties": { "lat": 35.6899801, "lon": 139.8451689, "name": "たんぽぽ薬局大島店" }, "geometry": { "type": "Point", "coordinates": [ 139.8451689, 35.6899801 ] } },
{ "type": "Feature", "properties": { "lat": 35.672626, "lon": 139.8300755, "name": "メイプル薬局" }, "geometry": { "type": "Point", "coordinates": [ 139.8300755, 35.672626 ] } },
{ "type": "Feature", "properties": { "lat": 35.6776678, "lon": 139.8340056, "name": "エンジェル薬局東大島店" }, "geometry": { "type": "Point", "coordinates": [ 139.834005600000012, 35.6776678 ] } },
{ "type": "Feature", "properties": { "lat": 35.6884856, "lon": 139.826198, "name": "吉田薬局" }, "geometry": { "type": "Point", "coordinates": [ 139.826198, 35.6884856 ] } },
{ "type": "Feature", "properties": { "lat": 35.6804523, "lon": 139.8353945, "name": "みどり薬局北砂店" }, "geometry": { "type": "Point", "coordinates": [ 139.8353945, 35.6804523 ] } },
{ "type": "Feature", "properties": { "lat": 35.6727996, "lon": 139.795663, "name": "和光薬局西大島店" }, "geometry": { "type": "Point", "coordinates": [ 139.795663, 35.6727996 ] } },
{ "type": "Feature", "properties": { "lat": 35.6714246, "lon": 139.7976212, "name": "パレット薬局北砂店" }, "geometry": { "type": "Point", "coordinates": [ 139.7976212, 35.6714246 ] } },
{ "type": "Feature", "properties": { "lat": 35.6816979, "lon": 139.8287878, "name": "大栄薬局" }, "geometry": { "type": "Point", "coordinates": [ 139.828787799999986, 35.6816979 ] } },
{ "type": "Feature", "properties": { "lat": 35.6730646, "lon": 139.8279501, "name": "遠山薬局" }, "geometry": { "type": "Point", "coordinates": [ 139.82795010000001, 35.6730646 ] } },
{ "type": "Feature", "properties": { "lat": 35.6759929, "lon": 139.839995, "name": "原田薬局" }, "geometry": { "type": "Point", "coordinates": [ 139.839995, 35.6759929 ] } },
{ "type": "Feature", "properties": { "lat": 35.6899152, "lon": 139.8381527, "name": "ダイカツ薬局" }, "geometry": { "type": "Point", "coordinates": [ 139.8381527, 35.6899152 ] } },
{ "type": "Feature", "properties": { "lat": 35.6487263, "lon": 139.8029687, "name": "マリー薬局" }, "geometry": { "type": "Point", "coordinates": [ 139.8029687, 35.6487263 ] } },
{ "type": "Feature", "properties": { "lat": 35.6000309, "lon": 139.7301888, "name": "松田薬局" }, "geometry": { "type": "Point", "coordinates": [ 139.7301888, 35.6000309 ] } },
{ "type": "Feature", "properties": { "lat": 35.6090918, "lon": 139.7179486, "name": "ひとは薬局" }, "geometry": { "type": "Point", "coordinates": [ 139.7179486, 35.6090918 ] } },
{ "type": "Feature", "properties": { "lat": 35.6103504, "lon": 139.7184996, "name": "株式会社ファーマみらい 共創未来 大井5丁目薬局" }, "geometry": { "type": "Point", "coordinates": [ 139.7184996, 35.6103504 ] } },
{ "type": "Feature", "properties": { "lat": 35.6109474, "lon": 139.7080052, "name": "公園通り薬局駅前店" }, "geometry": { "type": "Point", "coordinates": [ 139.7080052, 35.6109474 ] } },
{ "type": "Feature", "properties": { "lat": 35.6022151, "lon": 139.7083952, "name": "公園通り薬局" }, "geometry": { "type": "Point", "coordinates": [ 139.708395200000012, 35.6022151 ] } },
{ "type": "Feature", "properties": { "lat": 35.6303455, "lon": 139.7257866, "name": "中延調剤薬局" }, "geometry": { "type": "Point", "coordinates": [ 139.7257866, 35.6303455 ] } },
{ "type": "Feature", "properties": { "lat": 35.6090741, "lon": 139.705298, "name": "荏原町クリーン薬局" }, "geometry": { "type": "Point", "coordinates": [ 139.705298, 35.6090741 ] } },
{ "type": "Feature", "properties": { "lat": 35.6057551, "lon": 139.7036445, "name": "博芳堂薬局" }, "geometry": { "type": "Point", "coordinates": [ 139.7036445, 35.6057551 ] } },
{ "type": "Feature", "properties": { "lat": 35.6340172, "lon": 139.7168639, "name": "株式会社ファーマみらい ヒロ薬局 旗の台店" }, "geometry": { "type": "Point", "coordinates": [ 139.7168639, 35.6340172 ] } },
{ "type": "Feature", "properties": { "lat": 35.6269848, "lon": 139.7212039, "name": "中島薬局" }, "geometry": { "type": "Point", "coordinates": [ 139.7212039, 35.6269848 ] } },
{ "type": "Feature", "properties": { "lat": 35.6188116, "lon": 139.7033621, "name": "高木薬局" }, "geometry": { "type": "Point", "coordinates": [ 139.7033621, 35.6188116 ] } },
{ "type": "Feature", "properties": { "lat": 35.6039273, "lon": 139.7060356, "name": "五反田調剤薬局" }, "geometry": { "type": "Point", "coordinates": [ 139.7060356, 35.6039273 ] } },
{ "type": "Feature", "properties": { "lat": 35.6100888, "lon": 139.7197625, "name": "小山調剤薬局" }, "geometry": { "type": "Point", "coordinates": [ 139.7197625, 35.6100888 ] } },
{ "type": "Feature", "properties": { "lat": 35.6233799, "lon": 139.7227034, "name": "荏原町調剤薬局" }, "geometry": { "type": "Point", "coordinates": [ 139.7227034, 35.6233799 ] } },
{ "type": "Feature", "properties": { "lat": 35.6159504, "lon": 139.7120602, "name": "ひすい調剤薬局" }, "geometry": { "type": "Point", "coordinates": [ 139.7120602, 35.6159504 ] } },
{ "type": "Feature", "properties": { "lat": 35.6021672, "lon": 139.7186051, "name": "れいわ薬局 西五反田店" }, "geometry": { "type": "Point", "coordinates": [ 139.7186051, 35.6021672 ] } },
{ "type": "Feature", "properties": { "lat": 35.6026072, "lon": 139.7224744, "name": "リオーナ薬局 戸越銀座店" }, "geometry": { "type": "Point", "coordinates": [ 139.72247440000001, 35.6026072 ] } },
{ "type": "Feature", "properties": { "lat": 35.6043699, "lon": 139.7042407, "name": "みよの台薬局 品川二葉店" }, "geometry": { "type": "Point", "coordinates": [ 139.704240700000014, 35.6043699 ] } },
{ "type": "Feature", "properties": { "lat": 35.6110344, "lon": 139.7187797, "name": "アイセイ薬局 西大井店" }, "geometry": { "type": "Point", "coordinates": [ 139.7187797, 35.6110344 ] } },
{ "type": "Feature", "properties": { "lat": 35.6045728, "lon": 139.7017339, "name": "旗の台フレンド薬局" }, "geometry": { "type": "Point", "coordinates": [ 139.7017339, 35.6045728 ] } },
{ "type": "Feature", "properties": { "lat": 35.5878698, "lon": 139.7312884, "name": "戸越薬局 戸越店" }, "geometry": { "type": "Point", "coordinates": [ 139.731288400000011, 35.5878698 ] } },
{ "type": "Feature", "properties": { "lat": 35.6054161, "lon": 139.7129741, "name": "よしみ薬局" }, "geometry": { "type": "Point", "coordinates": [ 139.7129741, 35.6054161 ] } },
{ "type": "Feature", "properties": { "lat": 35.6099568, "lon": 139.7090119, "name": "ぱぱす薬局大森ベルポート店" }, "geometry": { "type": "Point", "coordinates": [ 139.7090119, 35.6099568 ] } },
{ "type": "Feature", "properties": { "lat": 35.627322, "lon": 139.7250003, "name": "薬局ユニファー中延店" }, "geometry": { "type": "Point", "coordinates": [ 139.7250003, 35.627322 ] } },
{ "type": "Feature", "properties": { "lat": 35.6075777, "lon": 139.7123477, "name": "森薬局西中延店" }, "geometry": { "type": "Point", "coordinates": [ 139.7123477, 35.6075777 ] } },
{ "type": "Feature", "properties": { "lat": 35.6027453, "lon": 139.7531549, "name": "城南薬局" }, "geometry": { "type": "Point", "coordinates": [ 139.7531549, 35.6027453 ] } },
{ "type": "Feature", "properties": { "lat": 35.6243673, "lon": 139.7206068, "name": "中延鈴薬局" }, "geometry": { "type": "Point", "coordinates": [ 139.720606800000013, 35.6243673 ] } },
{ "type": "Feature", "properties": { "lat": 35.6037977, "lon": 139.7056544, "name": "ポッポ堂薬局八潮店" }, "geometry": { "type": "Point", "coordinates": [ 139.705654399999986, 35.6037977 ] } },
{ "type": "Feature", "properties": { "lat": 35.6142073, "lon": 139.7198175, "name": "有限会社 五反田 イシダ薬局" }, "geometry": { "type": "Point", "coordinates": [ 139.7198175, 35.6142073 ] } },
{ "type": "Feature", "properties": { "lat": 35.6349287, "lon": 139.7165784, "name": "高山薬局" }, "geometry": { "type": "Point", "coordinates": [ 139.7165784, 35.6349287 ] } },
{ "type": "Feature", "properties": { "lat": 35.6000049, "lon": 139.7307766, "name": "やどりぎ薬局" }, "geometry": { "type": "Point", "coordinates": [ 139.730776600000013, 35.6000049 ] } },
{ "type": "Feature", "properties": { "lat": 35.626505, "lon": 139.7199683, "name": "ゆりの木薬局 目黒店" }, "geometry": { "type": "Point", "coordinates": [ 139.7199683, 35.626505 ] } },
{ "type": "Feature", "properties": { "lat": 35.6123581, "lon": 139.7134167, "name": "株式会社 仁宗 杏林堂薬局" }, "geometry": { "type": "Point", "coordinates": [ 139.71341670000001, 35.6123581 ] } },
{ "type": "Feature", "properties": { "lat": 35.6110876, "lon": 139.7404429, "name": "イシダ薬局 西五反田店" }, "geometry": { "type": "Point", "coordinates": [ 139.7404429, 35.6110876 ] } },
{ "type": "Feature", "properties": { "lat": 35.5891294, "lon": 139.730662, "name": "有限会社 康樹堂 戸越薬局" }, "geometry": { "type": "Point", "coordinates": [ 139.730662, 35.5891294 ] } },
{ "type": "Feature", "properties": { "lat": 35.6025706, "lon": 139.7090927, "name": "なかむら薬局" }, "geometry": { "type": "Point", "coordinates": [ 139.709092700000014, 35.6025706 ] } },
{ "type": "Feature", "properties": { "lat": 35.6074424, "lon": 139.7303267, "name": "CS調剤薬局 大森店" }, "geometry": { "type": "Point", "coordinates": [ 139.7303267, 35.6074424 ] } },
{ "type": "Feature", "properties": { "lat": 35.6206749, "lon": 139.7075764, "name": "ちょうちょ薬局" }, "geometry": { "type": "Point", "coordinates": [ 139.7075764, 35.6206749 ] } },
{ "type": "Feature", "properties": { "lat": 35.6055903, "lon": 139.7036757, "name": "バンビー薬局 大井町店" }, "geometry": { "type": "Point", "coordinates": [ 139.7036757, 35.6055903 ] } },
{ "type": "Feature", "properties": { "lat": 35.6038267, "lon": 139.7036024, "name": "ゆのまち薬局" }, "geometry": { "type": "Point", "coordinates": [ 139.7036024, 35.6038267 ] } },
{ "type": "Feature", "properties": { "lat": 35.6062467, "lon": 139.7131442, "name": "コスモス調剤薬局 旗の台駅店" }, "geometry": { "type": "Point", "coordinates": [ 139.713144199999988, 35.6062467 ] } },
{ "type": "Feature", "properties": { "lat": 35.605677, "lon": 139.7039216, "name": "こもれび薬局 旗の台店" }, "geometry": { "type": "Point", "coordinates": [ 139.7039216, 35.605677 ] } },
{ "type": "Feature", "properties": { "lat": 35.6059915, "lon": 139.7303761, "name": "薬局マツモトキヨシ 中延駅前店" }, "geometry": { "type": "Point", "coordinates": [ 139.7303761, 35.6059915 ] } },
{ "type": "Feature", "properties": { "lat": 35.6243437, "lon": 139.7295328, "name": "ウエルシア薬局 イオンタウン旗の台店" }, "geometry": { "type": "Point", "coordinates": [ 139.729532799999987, 35.6243437 ] } },
{ "type": "Feature", "properties": { "lat": 35.5872615, "lon": 139.7357885, "name": "アイ薬局" }, "geometry": { "type": "Point", "coordinates": [ 139.735788500000012, 35.5872615 ] } },
{ "type": "Feature", "properties": { "lat": 35.6071482, "lon": 139.7279996, "name": "スピカ調剤薬局" }, "geometry": { "type": "Point", "coordinates": [ 139.7279996, 35.6071482 ] } },
{ "type": "Feature", "properties": { "lat": 35.5909568, "lon": 139.7325284, "name": "すばる薬局 2号店" }, "geometry": { "type": "Point", "coordinates": [ 139.7325284, 35.5909568 ] } },
{ "type": "Feature", "properties": { "lat": 35.6049368, "lon": 139.7253548, "name": "スギ薬局 大井町店" }, "geometry": { "type": "Point", "coordinates": [ 139.7253548, 35.6049368 ] } },
{ "type": "Feature", "properties": { "lat": 35.610027, "lon": 139.7486714, "name": "ヤシの木薬局 大森店" }, "geometry": { "type": "Point", "coordinates": [ 139.7486714, 35.610027 ] } },
{ "type": "Feature", "properties": { "lat": 35.6233086, "lon": 139.7291439, "name": "白金薬局 二葉店" }, "geometry": { "type": "Point", "coordinates": [ 139.7291439, 35.6233086 ] } },
{ "type": "Feature", "properties": { "lat": 35.634239, "lon": 139.7150335, "name": "薬局マツモトキヨシ 品川シーサイドフォレスト店" }, "geometry": { "type": "Point", "coordinates": [ 139.7150335, 35.634239 ] } },
{ "type": "Feature", "properties": { "lat": 35.6205185, "lon": 139.7044048, "name": "薬局くすりの福太郎 東五反田店" }, "geometry": { "type": "Point", "coordinates": [ 139.7044048, 35.6205185 ] } },
{ "type": "Feature", "properties": { "lat": 35.605199, "lon": 139.7041609, "name": "目黒駅前薬局" }, "geometry": { "type": "Point", "coordinates": [ 139.7041609, 35.605199 ] } },
{ "type": "Feature", "properties": { "lat": 35.6055784, "lon": 139.7342746, "name": "ココカラファイン薬局 武蔵小山駅前店" }, "geometry": { "type": "Point", "coordinates": [ 139.7342746, 35.6055784 ] } },
{ "type": "Feature", "properties": { "lat": 35.6254692, "lon": 139.7264022, "name": "日本調剤 旗の台駅前薬局" }, "geometry": { "type": "Point", "coordinates": [ 139.7264022, 35.6254692 ] } },
{ "type": "Feature", "properties": { "lat": 35.6087886, "lon": 139.7056119, "name": "ココカラファイン薬局 大井町ガーデン店" }, "geometry": { "type": "Point", "coordinates": [ 139.7056119, 35.6087886 ] } },
{ "type": "Feature", "properties": { "lat": 35.6166981, "lon": 139.7176411, "name": "スギ薬局 東五反田店" }, "geometry": { "type": "Point", "coordinates": [ 139.7176411, 35.6166981 ] } },
{ "type": "Feature", "properties": { "lat": 35.626969, "lon": 139.7265242, "name": "共創未来 旗の台薬局" }, "geometry": { "type": "Point", "coordinates": [ 139.7265242, 35.626969 ] } },
{ "type": "Feature", "properties": { "lat": 35.6118352, "lon": 139.7124785, "name": "クローブ薬局" }, "geometry": { "type": "Point", "coordinates": [ 139.7124785, 35.6118352 ] } },
{ "type": "Feature", "properties": { "lat": 35.6263103, "lon": 139.7225168, "name": "大信薬局 五反田店" }, "geometry": { "type": "Point", "coordinates": [ 139.7225168, 35.6263103 ] } },
{ "type": "Feature", "properties": { "lat": 35.6227641, "lon": 139.7226298, "name": "会営薬局えばら" }, "geometry": { "type": "Point", "coordinates": [ 139.7226298, 35.6227641 ] } },
{ "type": "Feature", "properties": { "lat": 35.606147, "lon": 139.7329856, "name": "げんき薬局 五反田店" }, "geometry": { "type": "Point", "coordinates": [ 139.7329856, 35.606147 ] } },
{ "type": "Feature", "properties": { "lat": 35.6023948, "lon": 139.740115, "name": "つくし薬局 大崎広小路店" }, "geometry": { "type": "Point", "coordinates": [ 139.740115, 35.6023948 ] } },
{ "type": "Feature", "properties": { "lat": 35.6090525, "lon": 139.7466711, "name": "日本調剤 大井町薬局" }, "geometry": { "type": "Point", "coordinates": [ 139.746671099999986, 35.6090525 ] } },
{ "type": "Feature", "properties": { "lat": 35.6052766, "lon": 139.713277, "name": "スマイル薬局 東大井店" }, "geometry": { "type": "Point", "coordinates": [ 139.713277, 35.6052766 ] } },
{ "type": "Feature", "properties": { "lat": 35.6067434, "lon": 139.7036898, "name": "ナチュラルローソンクオール薬局 東品川四丁目店" }, "geometry": { "type": "Point", "coordinates": [ 139.7036898, 35.6067434 ] } },
{ "type": "Feature", "properties": { "lat": 35.6237463, "lon": 139.7508705, "name": "スギ薬局 中延店" }, "geometry": { "type": "Point", "coordinates": [ 139.7508705, 35.6237463 ] } },
{ "type": "Feature", "properties": { "lat": 35.6346483, "lon": 139.7188483, "name": "メディケア薬局旗の台" }, "geometry": { "type": "Point", "coordinates": [ 139.7188483, 35.634648299999903 ] } },
{ "type": "Feature", "properties": { "lat": 35.5895736, "lon": 139.7327009, "name": "薬局マツモトキヨシ 天王洲アイル店" }, "geometry": { "type": "Point", "coordinates": [ 139.7327009, 35.5895736 ] } },
{ "type": "Feature", "properties": { "lat": 35.6166774, "lon": 139.7400421, "name": "日本調剤 目黒駅前薬局" }, "geometry": { "type": "Point", "coordinates": [ 139.740042100000011, 35.6166774 ] } },
{ "type": "Feature", "properties": { "lat": 35.5999997, "lon": 139.7356741, "name": "日本調剤 いすゞ病院前薬局" }, "geometry": { "type": "Point", "coordinates": [ 139.735674100000011, 35.5999997 ] } },
{ "type": "Feature", "properties": { "lat": 35.6356432, "lon": 139.7149853, "name": "会営薬局しながわ" }, "geometry": { "type": "Point", "coordinates": [ 139.7149853, 35.6356432 ] } },
{ "type": "Feature", "properties": { "lat": 35.5998939, "lon": 139.7516043, "name": "ひまわり薬局" }, "geometry": { "type": "Point", "coordinates": [ 139.7516043, 35.5998939 ] } },
{ "type": "Feature", "properties": { "lat": 35.6245864, "lon": 139.7209131, "name": "有限会社 千里馬薬局 目黒店" }, "geometry": { "type": "Point", "coordinates": [ 139.7209131, 35.6245864 ] } },
{ "type": "Feature", "properties": { "lat": 35.6154361, "lon": 139.7155425, "name": "オダファーマシー品川八潮薬局" }, "geometry": { "type": "Point", "coordinates": [ 139.7155425, 35.6154361 ] } },
{ "type": "Feature", "properties": { "lat": 35.610781, "lon": 139.7437846, "name": "薬局トモズ 五反田店" }, "geometry": { "type": "Point", "coordinates": [ 139.7437846, 35.610781 ] } },
{ "type": "Feature", "properties": { "lat": 35.6102915, "lon": 139.7437663, "name": "セイムス戸越銀座薬局" }, "geometry": { "type": "Point", "coordinates": [ 139.7437663, 35.6102915 ] } },
{ "type": "Feature", "properties": { "lat": 35.6114806, "lon": 139.7443612, "name": "サンドラッグ 青物横丁薬局" }, "geometry": { "type": "Point", "coordinates": [ 139.744361199999986, 35.6114806 ] } },
{ "type": "Feature", "properties": { "lat": 35.6024099, "lon": 139.7172833, "name": "ジュネーヴ平和通り調剤薬局" }, "geometry": { "type": "Point", "coordinates": [ 139.7172833, 35.6024099 ] } },
{ "type": "Feature", "properties": { "lat": 35.6344471, "lon": 139.7179566, "name": "青横ファーマシー 南品川薬局" }, "geometry": { "type": "Point", "coordinates": [ 139.7179566, 35.6344471 ] } },
{ "type": "Feature", "properties": { "lat": 35.6214274, "lon": 139.7052181, "name": "スギ薬局 二葉店" }, "geometry": { "type": "Point", "coordinates": [ 139.7052181, 35.6214274 ] } },
{ "type": "Feature", "properties": { "lat": 35.6037733, "lon": 139.7081345, "name": "ウエルシア薬局 目黒上大崎店" }, "geometry": { "type": "Point", "coordinates": [ 139.7081345, 35.6037733 ] } },
{ "type": "Feature", "properties": { "lat": 35.6353841, "lon": 139.7171062, "name": "クオール薬局 小山台店" }, "geometry": { "type": "Point", "coordinates": [ 139.717106199999989, 35.6353841 ] } },
{ "type": "Feature", "properties": { "lat": 35.6199653, "lon": 139.704156, "name": "田辺薬局 荏原町支店" }, "geometry": { "type": "Point", "coordinates": [ 139.704156, 35.6199653 ] } },
{ "type": "Feature", "properties": { "lat": 35.6064853, "lon": 139.7293276, "name": "ナチュラルローソンクオール薬局 シティコート目黒店" }, "geometry": { "type": "Point", "coordinates": [ 139.7293276, 35.6064853 ] } },
{ "type": "Feature", "properties": { "lat": 35.618135, "lon": 139.7426345, "name": "薬局トモズ パークシティ武蔵小山ザモール店" }, "geometry": { "type": "Point", "coordinates": [ 139.7426345, 35.618135 ] } },
{ "type": "Feature", "properties": { "lat": 35.5900634, "lon": 139.7338883, "name": "コスモ薬局 大井町店" }, "geometry": { "type": "Point", "coordinates": [ 139.7338883, 35.5900634 ] } },
{ "type": "Feature", "properties": { "lat": 35.6221232, "lon": 139.7501399, "name": "あけぼの薬局 新馬場店" }, "geometry": { "type": "Point", "coordinates": [ 139.7501399, 35.6221232 ] } },
{ "type": "Feature", "properties": { "lat": 35.6304653, "lon": 139.7259063, "name": "すばる薬局" }, "geometry": { "type": "Point", "coordinates": [ 139.7259063, 35.6304653 ] } },
{ "type": "Feature", "properties": { "lat": 35.6037733, "lon": 139.7081345, "name": "田辺薬局 天王洲駅店" }, "geometry": { "type": "Point", "coordinates": [ 139.7081345, 35.6037733 ] } },
{ "type": "Feature", "properties": { "lat": 35.6080383, "lon": 139.7357044, "name": "さくら薬局 品川池田山店" }, "geometry": { "type": "Point", "coordinates": [ 139.7357044, 35.6080383 ] } },
{ "type": "Feature", "properties": { "lat": 35.6033645, "lon": 139.7077224, "name": "田辺薬局 品川荏原店" }, "geometry": { "type": "Point", "coordinates": [ 139.7077224, 35.6033645 ] } },
{ "type": "Feature", "properties": { "lat": 35.6272588, "lon": 139.7231656, "name": "ココカラファイン薬局 大井町東口店" }, "geometry": { "type": "Point", "coordinates": [ 139.723165599999987, 35.6272588 ] } },
{ "type": "Feature", "properties": { "lat": 35.6144907, "lon": 139.7496328, "name": "ローソン薬局 荏原町駅前店" }, "geometry": { "type": "Point", "coordinates": [ 139.7496328, 35.6144907 ] } },
{ "type": "Feature", "properties": { "lat": 35.6104472, "lon": 139.738936, "name": "うさぎ薬局" }, "geometry": { "type": "Point", "coordinates": [ 139.738936, 35.6104472 ] } },
{ "type": "Feature", "properties": { "lat": 35.6059848, "lon": 139.7332029, "name": "友愛薬局 東品川店" }, "geometry": { "type": "Point", "coordinates": [ 139.7332029, 35.6059848 ] } },
{ "type": "Feature", "properties": { "lat": 35.6256172, "lon": 139.7142319, "name": "ユニバーサルドラッグ薬局 大井町調剤店" }, "geometry": { "type": "Point", "coordinates": [ 139.714231899999987, 35.6256172 ] } },
{ "type": "Feature", "properties": { "lat": 35.6274135, "lon": 139.7161099, "name": "大井町駅前薬局" }, "geometry": { "type": "Point", "coordinates": [ 139.7161099, 35.6274135 ] } },
{ "type": "Feature", "properties": { "lat": 35.6195656, "lon": 139.7325912, "name": "プロムナード薬局 不動前店" }, "geometry": { "type": "Point", "coordinates": [ 139.7325912, 35.6195656 ] } },
{ "type": "Feature", "properties": { "lat": 35.6183252, "lon": 139.7035226, "name": "ぱぱす薬局 西五反田店" }, "geometry": { "type": "Point", "coordinates": [ 139.703522600000014, 35.6183252 ] } },
{ "type": "Feature", "properties": { "lat": 35.6060837, "lon": 139.7046979, "name": "フタバ薬局 品川店" }, "geometry": { "type": "Point", "coordinates": [ 139.704697900000014, 35.6060837 ] } },
{ "type": "Feature", "properties": { "lat": 35.6110516, "lon": 139.744293, "name": "つかさ薬局 パルム店" }, "geometry": { "type": "Point", "coordinates": [ 139.744293, 35.6110516 ] } },
{ "type": "Feature", "properties": { "lat": 35.6107697, "lon": 139.7107886, "name": "乾調剤薬局 旗の台店" }, "geometry": { "type": "Point", "coordinates": [ 139.7107886, 35.6107697 ] } },
{ "type": "Feature", "properties": { "lat": 35.6100281, "lon": 139.7187434, "name": "ケイポート薬局 青物横丁店" }, "geometry": { "type": "Point", "coordinates": [ 139.7187434, 35.6100281 ] } },
{ "type": "Feature", "properties": { "lat": 35.5998178, "lon": 139.7177985, "name": "おひさま薬局" }, "geometry": { "type": "Point", "coordinates": [ 139.717798499999986, 35.5998178 ] } },
{ "type": "Feature", "properties": { "lat": 35.6149533, "lon": 139.7158506, "name": "ひだまり薬局" }, "geometry": { "type": "Point", "coordinates": [ 139.71585060000001, 35.6149533 ] } },
{ "type": "Feature", "properties": { "lat": 35.6251213, "lon": 139.7270133, "name": "エンゼル薬局 西大井店" }, "geometry": { "type": "Point", "coordinates": [ 139.72701330000001, 35.6251213 ] } },
{ "type": "Feature", "properties": { "lat": 35.6119344, "lon": 139.7104907, "name": "あい薬局 戸越銀座店" }, "geometry": { "type": "Point", "coordinates": [ 139.7104907, 35.6119344 ] } },
{ "type": "Feature", "properties": { "lat": 35.6209249, "lon": 139.7412027, "name": "ケイポート薬局 東五反田店" }, "geometry": { "type": "Point", "coordinates": [ 139.7412027, 35.6209249 ] } },
{ "type": "Feature", "properties": { "lat": 35.610994, "lon": 139.749077, "name": "荏原休日応急薬局" }, "geometry": { "type": "Point", "coordinates": [ 139.749077, 35.610994 ] } },
{ "type": "Feature", "properties": { "lat": 35.5923163, "lon": 139.7191424, "name": "ハーティ薬局 北品川店" }, "geometry": { "type": "Point", "coordinates": [ 139.71914240000001, 35.5923163 ] } },
{ "type": "Feature", "properties": { "lat": 35.6080512, "lon": 139.7444661, "name": "イオン薬局 品川シーサイド店" }, "geometry": { "type": "Point", "coordinates": [ 139.744466100000011, 35.6080512 ] } },
{ "type": "Feature", "properties": { "lat": 35.6184454, "lon": 139.7272033, "name": "コーコク薬局" }, "geometry": { "type": "Point", "coordinates": [ 139.727203300000014, 35.6184454 ] } },
{ "type": "Feature", "properties": { "lat": 35.6084874, "lon": 139.7293952, "name": "ケイポート薬局 南品川店" }, "geometry": { "type": "Point", "coordinates": [ 139.7293952, 35.6084874 ] } },
{ "type": "Feature", "properties": { "lat": 35.5988485, "lon": 139.7359942, "name": "シンクパークファーマシー調剤薬局" }, "geometry": { "type": "Point", "coordinates": [ 139.7359942, 35.5988485 ] } },
{ "type": "Feature", "properties": { "lat": 35.5972281, "lon": 139.7226452, "name": "大井町タカ薬局" }, "geometry": { "type": "Point", "coordinates": [ 139.722645199999988, 35.5972281 ] } },
{ "type": "Feature", "properties": { "lat": 35.6167328, "lon": 139.7077848, "name": "スギ薬局 南大井店" }, "geometry": { "type": "Point", "coordinates": [ 139.707784800000013, 35.6167328 ] } },
{ "type": "Feature", "properties": { "lat": 35.5977556, "lon": 139.7379751, "name": "スズキ調剤薬局" }, "geometry": { "type": "Point", "coordinates": [ 139.7379751, 35.5977556 ] } },
{ "type": "Feature", "properties": { "lat": 35.6110811, "lon": 139.7451507, "name": "薬局マツモトキヨシ 武蔵小山店" }, "geometry": { "type": "Point", "coordinates": [ 139.745150700000011, 35.6110811 ] } },
{ "type": "Feature", "properties": { "lat": 35.6039943, "lon": 139.7354649, "name": "サン薬局" }, "geometry": { "type": "Point", "coordinates": [ 139.735464900000011, 35.6039943 ] } },
{ "type": "Feature", "properties": { "lat": 35.6060863, "lon": 139.7267824, "name": "アツミ薬局" }, "geometry": { "type": "Point", "coordinates": [ 139.7267824, 35.6060863 ] } },
{ "type": "Feature", "properties": { "lat": 35.6244406, "lon": 139.7087561, "name": "日生薬局 大井町2号店" }, "geometry": { "type": "Point", "coordinates": [ 139.708756099999988, 35.6244406 ] } },
{ "type": "Feature", "properties": { "lat": 35.6150771, "lon": 139.7170648, "name": "江黒二葉薬局" }, "geometry": { "type": "Point", "coordinates": [ 139.7170648, 35.6150771 ] } },
{ "type": "Feature", "properties": { "lat": 35.6274266, "lon": 139.7133054, "name": "パール薬局 西五反田店" }, "geometry": { "type": "Point", "coordinates": [ 139.7133054, 35.6274266 ] } },
{ "type": "Feature", "properties": { "lat": 35.6043088, "lon": 139.7264152, "name": "ミネ薬局 戸越店" }, "geometry": { "type": "Point", "coordinates": [ 139.7264152, 35.6043088 ] } },
{ "type": "Feature", "properties": { "lat": 35.6274266, "lon": 139.7133054, "name": "かむろ坂マル薬局" }, "geometry": { "type": "Point", "coordinates": [ 139.7133054, 35.6274266 ] } },
{ "type": "Feature", "properties": { "lat": 35.6109672, "lon": 139.7014013, "name": "たつみ薬局" }, "geometry": { "type": "Point", "coordinates": [ 139.701401299999986, 35.6109672 ] } },
{ "type": "Feature", "properties": { "lat": 35.6300181, "lon": 139.7255447, "name": "葵薬局 目黒駅前店" }, "geometry": { "type": "Point", "coordinates": [ 139.7255447, 35.6300181 ] } },
{ "type": "Feature", "properties": { "lat": 35.6057083, "lon": 139.7261955, "name": "康樹堂薬局 旗ノ台店" }, "geometry": { "type": "Point", "coordinates": [ 139.726195499999989, 35.6057083 ] } },
{ "type": "Feature", "properties": { "lat": 35.6043207, "lon": 139.7038746, "name": "ふたば調剤薬局" }, "geometry": { "type": "Point", "coordinates": [ 139.7038746, 35.6043207 ] } },
{ "type": "Feature", "properties": { "lat": 35.6085641, "lon": 139.7042901, "name": "トマト薬局 二葉店" }, "geometry": { "type": "Point", "coordinates": [ 139.7042901, 35.6085641 ] } },
{ "type": "Feature", "properties": { "lat": 35.6039717, "lon": 139.7232575, "name": "のぞみ薬局" }, "geometry": { "type": "Point", "coordinates": [ 139.723257499999988, 35.6039717 ] } },
{ "type": "Feature", "properties": { "lat": 35.6055642, "lon": 139.7181923, "name": "さくら薬局 旗の台店" }, "geometry": { "type": "Point", "coordinates": [ 139.7181923, 35.6055642 ] } },
{ "type": "Feature", "properties": { "lat": 35.6202645, "lon": 139.7166674, "name": "コスモス薬局" }, "geometry": { "type": "Point", "coordinates": [ 139.7166674, 35.6202645 ] } },
{ "type": "Feature", "properties": { "lat": 35.6020424, "lon": 139.7185946, "name": "トマト薬局" }, "geometry": { "type": "Point", "coordinates": [ 139.718594599999989, 35.602042399999902 ] } },
{ "type": "Feature", "properties": { "lat": 35.6031684, "lon": 139.7089522, "name": "ミユキ薬局" }, "geometry": { "type": "Point", "coordinates": [ 139.7089522, 35.6031684 ] } },
{ "type": "Feature", "properties": { "lat": 35.6070265, "lon": 139.7041731, "name": "エンゼル薬局 二葉店" }, "geometry": { "type": "Point", "coordinates": [ 139.7041731, 35.6070265 ] } },
{ "type": "Feature", "properties": { "lat": 35.6086949, "lon": 139.7042767, "name": "トマト薬局 中延店" }, "geometry": { "type": "Point", "coordinates": [ 139.7042767, 35.6086949 ] } },
{ "type": "Feature", "properties": { "lat": 35.6140251, "lon": 139.7267843, "name": "黎明薬局 旗の台店" }, "geometry": { "type": "Point", "coordinates": [ 139.7267843, 35.6140251 ] } },
{ "type": "Feature", "properties": { "lat": 35.6080321, "lon": 139.7043061, "name": "さくら薬局 昭和大学前店" }, "geometry": { "type": "Point", "coordinates": [ 139.7043061, 35.6080321 ] } },
{ "type": "Feature", "properties": { "lat": 35.609097, "lon": 139.704507, "name": "みつぎ薬局" }, "geometry": { "type": "Point", "coordinates": [ 139.704507, 35.609097 ] } },
{ "type": "Feature", "properties": { "lat": 35.6063991, "lon": 139.7250471, "name": "日本調剤 旗の台薬局" }, "geometry": { "type": "Point", "coordinates": [ 139.725047100000012, 35.6063991 ] } },
{ "type": "Feature", "properties": { "lat": 35.6088581, "lon": 139.7295103, "name": "アイリス薬局 旗の台店" }, "geometry": { "type": "Point", "coordinates": [ 139.729510299999987, 35.6088581 ] } },
{ "type": "Feature", "properties": { "lat": 35.5963351, "lon": 139.7442066, "name": "あさひ薬局 二葉店" }, "geometry": { "type": "Point", "coordinates": [ 139.744206600000012, 35.5963351 ] } },
{ "type": "Feature", "properties": { "lat": 35.6298907, "lon": 139.7255472, "name": "ひのき薬局" }, "geometry": { "type": "Point", "coordinates": [ 139.7255472, 35.6298907 ] } },
{ "type": "Feature", "properties": { "lat": 35.6087092, "lon": 139.7052579, "name": "スギ薬局 ウィラ大井店" }, "geometry": { "type": "Point", "coordinates": [ 139.7052579, 35.6087092 ] } },
{ "type": "Feature", "properties": { "lat": 35.6160913, "lon": 139.7121656, "name": "ヒコサカ薬局" }, "geometry": { "type": "Point", "coordinates": [ 139.7121656, 35.6160913 ] } },
{ "type": "Feature", "properties": { "lat": 35.6158671, "lon": 139.7133868, "name": "池田山薬局" }, "geometry": { "type": "Point", "coordinates": [ 139.7133868, 35.6158671 ] } },
{ "type": "Feature", "properties": { "lat": 35.6090741, "lon": 139.705298, "name": "あかひげ薬局" }, "geometry": { "type": "Point", "coordinates": [ 139.705298, 35.6090741 ] } },
{ "type": "Feature", "properties": { "lat": 35.6260473, "lon": 139.7134108, "name": "ニック戸越銀座薬局" }, "geometry": { "type": "Point", "coordinates": [ 139.7134108, 35.6260473 ] } },
{ "type": "Feature", "properties": { "lat": 35.6244878, "lon": 139.7235718, "name": "日生薬局 戸越銀座店" }, "geometry": { "type": "Point", "coordinates": [ 139.7235718, 35.6244878 ] } },
{ "type": "Feature", "properties": { "lat": 35.6139103, "lon": 139.7499952, "name": "わかば薬局" }, "geometry": { "type": "Point", "coordinates": [ 139.7499952, 35.6139103 ] } },
{ "type": "Feature", "properties": { "lat": 35.601168, "lon": 139.722106, "name": "いずみ薬局" }, "geometry": { "type": "Point", "coordinates": [ 139.722106, 35.601168 ] } },
{ "type": "Feature", "properties": { "lat": 35.6154576, "lon": 139.7163793, "name": "つくし薬局 西五反田店" }, "geometry": { "type": "Point", "coordinates": [ 139.7163793, 35.6154576 ] } },
{ "type": "Feature", "properties": { "lat": 35.6092469, "lon": 139.7488374, "name": "クリーン薬局" }, "geometry": { "type": "Point", "coordinates": [ 139.748837400000014, 35.6092469 ] } },
{ "type": "Feature", "properties": { "lat": 35.6272146, "lon": 139.7235718, "name": "さくら薬局 西大井店" }, "geometry": { "type": "Point", "coordinates": [ 139.7235718, 35.627214599999903 ] } },
{ "type": "Feature", "properties": { "lat": 35.6218224, "lon": 139.7424701, "name": "光伸堂漢方薬局" }, "geometry": { "type": "Point", "coordinates": [ 139.7424701, 35.6218224 ] } },
{ "type": "Feature", "properties": { "lat": 35.6304728, "lon": 139.7264397, "name": "タカラ薬局 品川シーサイド" }, "geometry": { "type": "Point", "coordinates": [ 139.726439699999986, 35.6304728 ] } },
{ "type": "Feature", "properties": { "lat": 35.5896546, "lon": 139.7319978, "name": "日生薬局 五反田駅前店" }, "geometry": { "type": "Point", "coordinates": [ 139.731997799999988, 35.5896546 ] } },
{ "type": "Feature", "properties": { "lat": 35.6082437, "lon": 139.7436477, "name": "台場薬局" }, "geometry": { "type": "Point", "coordinates": [ 139.7436477, 35.6082437 ] } },
{ "type": "Feature", "properties": { "lat": 35.6084354, "lon": 139.7122676, "name": "日生薬局 五反田店" }, "geometry": { "type": "Point", "coordinates": [ 139.7122676, 35.6084354 ] } },
{ "type": "Feature", "properties": { "lat": 35.5898641, "lon": 139.7327979, "name": "南大井薬局" }, "geometry": { "type": "Point", "coordinates": [ 139.7327979, 35.5898641 ] } },
{ "type": "Feature", "properties": { "lat": 35.6068035, "lon": 139.7384787, "name": "ワラビー薬局" }, "geometry": { "type": "Point", "coordinates": [ 139.7384787, 35.6068035 ] } },
{ "type": "Feature", "properties": { "lat": 35.6042671, "lon": 139.7352054, "name": "日生薬局 大井町店" }, "geometry": { "type": "Point", "coordinates": [ 139.735205400000012, 35.6042671 ] } },
{ "type": "Feature", "properties": { "lat": 35.5881347, "lon": 139.7364752, "name": "サラダ薬局 東なかのぶ店" }, "geometry": { "type": "Point", "coordinates": [ 139.7364752, 35.5881347 ] } },
{ "type": "Feature", "properties": { "lat": 35.5969443, "lon": 139.7495273, "name": "さくら薬局 大森店" }, "geometry": { "type": "Point", "coordinates": [ 139.749527300000011, 35.5969443 ] } },
{ "type": "Feature", "properties": { "lat": 35.6147923, "lon": 139.7438187, "name": "エビスヤ薬局" }, "geometry": { "type": "Point", "coordinates": [ 139.7438187, 35.6147923 ] } },
{ "type": "Feature", "properties": { "lat": 35.6070149, "lon": 139.7371314, "name": "東大井調剤薬局" }, "geometry": { "type": "Point", "coordinates": [ 139.73713140000001, 35.6070149 ] } },
{ "type": "Feature", "properties": { "lat": 35.6096639, "lon": 139.7436851, "name": "平和薬局" }, "geometry": { "type": "Point", "coordinates": [ 139.7436851, 35.6096639 ] } },
{ "type": "Feature", "properties": { "lat": 35.6256292, "lon": 139.7297298, "name": "八潮調剤薬局" }, "geometry": { "type": "Point", "coordinates": [ 139.7297298, 35.6256292 ] } },
{ "type": "Feature", "properties": { "lat": 35.6063547, "lon": 139.737104, "name": "イワタ薬局" }, "geometry": { "type": "Point", "coordinates": [ 139.737104, 35.6063547 ] } },
{ "type": "Feature", "properties": { "lat": 35.6037519, "lon": 139.7351596, "name": "青横ファーマシー薬局 大井町店" }, "geometry": { "type": "Point", "coordinates": [ 139.7351596, 35.6037519 ] } },
{ "type": "Feature", "properties": { "lat": 35.6067981, "lon": 139.7197651, "name": "青横ファーマシー薬局" }, "geometry": { "type": "Point", "coordinates": [ 139.719765099999989, 35.6067981 ] } },
{ "type": "Feature", "properties": { "lat": 35.6087651, "lon": 139.7178176, "name": "光薬局" }, "geometry": { "type": "Point", "coordinates": [ 139.717817599999989, 35.6087651 ] } },
{ "type": "Feature", "properties": { "lat": 35.6021093, "lon": 139.7313048, "name": "あっとほーむ薬局" }, "geometry": { "type": "Point", "coordinates": [ 139.7313048, 35.6021093 ] } },
{ "type": "Feature", "properties": { "lat": 35.5989677, "lon": 139.7258432, "name": "フロンティア薬局 東大井店" }, "geometry": { "type": "Point", "coordinates": [ 139.725843200000014, 35.5989677 ] } },
{ "type": "Feature", "properties": { "lat": 35.6008753, "lon": 139.7120734, "name": "ゆたか調剤薬局" }, "geometry": { "type": "Point", "coordinates": [ 139.7120734, 35.6008753 ] } },
{ "type": "Feature", "properties": { "lat": 35.6060905, "lon": 139.7165281, "name": "日本調剤 戸越公園薬局" }, "geometry": { "type": "Point", "coordinates": [ 139.7165281, 35.6060905 ] } },
{ "type": "Feature", "properties": { "lat": 35.6040425, "lon": 139.7336914, "name": "ひので薬局 大井店" }, "geometry": { "type": "Point", "coordinates": [ 139.7336914, 35.6040425 ] } },
{ "type": "Feature", "properties": { "lat": 35.6086839, "lon": 139.7170476, "name": "あおぞら薬局" }, "geometry": { "type": "Point", "coordinates": [ 139.7170476, 35.6086839 ] } },
{ "type": "Feature", "properties": { "lat": 35.5994974, "lon": 139.7283482, "name": "済生堂薬局" }, "geometry": { "type": "Point", "coordinates": [ 139.7283482, 35.5994974 ] } },
{ "type": "Feature", "properties": { "lat": 35.6194899, "lon": 139.7271235, "name": "サラダ薬局 豊町支店" }, "geometry": { "type": "Point", "coordinates": [ 139.7271235, 35.6194899 ] } },
{ "type": "Feature", "properties": { "lat": 35.6175162, "lon": 139.7128055, "name": "ポッポ堂薬局 大井店" }, "geometry": { "type": "Point", "coordinates": [ 139.7128055, 35.6175162 ] } },
{ "type": "Feature", "properties": { "lat": 35.6062656, "lon": 139.7348665, "name": "ハーモニー薬局" }, "geometry": { "type": "Point", "coordinates": [ 139.73486650000001, 35.6062656 ] } },
{ "type": "Feature", "properties": { "lat": 35.6084173, "lon": 139.7120621, "name": "ファーコス薬局 品川" }, "geometry": { "type": "Point", "coordinates": [ 139.7120621, 35.6084173 ] } },
{ "type": "Feature", "properties": { "lat": 35.6142917, "lon": 139.7226783, "name": "大崎薬局" }, "geometry": { "type": "Point", "coordinates": [ 139.722678300000013, 35.6142917 ] } },
{ "type": "Feature", "properties": { "lat": 35.6144452, "lon": 139.7068743, "name": "すずらん薬局 戸越店" }, "geometry": { "type": "Point", "coordinates": [ 139.70687430000001, 35.6144452 ] } },
{ "type": "Feature", "properties": { "lat": 35.6154598, "lon": 139.6993341, "name": "ウエルシア薬局 アトレ大井町店" }, "geometry": { "type": "Point", "coordinates": [ 139.699334099999987, 35.6154598 ] } },
{ "type": "Feature", "properties": { "lat": 35.6155293, "lon": 139.6989354, "name": "ニコニコ薬局 中延店" }, "geometry": { "type": "Point", "coordinates": [ 139.698935400000011, 35.6155293 ] } },
{ "type": "Feature", "properties": { "lat": 35.6203145, "lon": 139.7042108, "name": "サラダ薬局" }, "geometry": { "type": "Point", "coordinates": [ 139.7042108, 35.6203145 ] } },
{ "type": "Feature", "properties": { "lat": 35.6168976, "lon": 139.7252678, "name": "つばさ薬局" }, "geometry": { "type": "Point", "coordinates": [ 139.725267800000012, 35.6168976 ] } },
{ "type": "Feature", "properties": { "lat": 35.6183017, "lon": 139.7428939, "name": "調剤薬局オレンジファーマシー" }, "geometry": { "type": "Point", "coordinates": [ 139.742893900000013, 35.6183017 ] } },
{ "type": "Feature", "properties": { "lat": 35.6202384, "lon": 139.729079, "name": "あけぼの薬局 西小山店" }, "geometry": { "type": "Point", "coordinates": [ 139.729079, 35.6202384 ] } },
{ "type": "Feature", "properties": { "lat": 35.6203143, "lon": 139.7076918, "name": "つかさ薬局 駅ビル店" }, "geometry": { "type": "Point", "coordinates": [ 139.7076918, 35.6203143 ] } },
{ "type": "Feature", "properties": { "lat": 35.6340082, "lon": 139.7182845, "name": "三光薬局 大崎店" }, "geometry": { "type": "Point", "coordinates": [ 139.71828450000001, 35.6340082 ] } },
{ "type": "Feature", "properties": { "lat": 35.614254, "lon": 139.6987657, "name": "トモ薬局" }, "geometry": { "type": "Point", "coordinates": [ 139.6987657, 35.614254 ] } },
{ "type": "Feature", "properties": { "lat": 35.6184765, "lon": 139.7435873, "name": "クオール薬局 大崎店" }, "geometry": { "type": "Point", "coordinates": [ 139.7435873, 35.6184765 ] } },
{ "type": "Feature", "properties": { "lat": 35.62539, "lon": 139.7152446, "name": "スギ薬局 武蔵小山店" }, "geometry": { "type": "Point", "coordinates": [ 139.7152446, 35.62539 ] } },
{ "type": "Feature", "properties": { "lat": 35.6063177, "lon": 139.7364584, "name": "さくら薬局 上大崎店" }, "geometry": { "type": "Point", "coordinates": [ 139.7364584, 35.6063177 ] } },
{ "type": "Feature", "properties": { "lat": 35.605806, "lon": 139.732673, "name": "友薬局" }, "geometry": { "type": "Point", "coordinates": [ 139.732673, 35.605806 ] } },
{ "type": "Feature", "properties": { "lat": 35.6217787, "lon": 139.7317929, "name": "白金薬局 品川店" }, "geometry": { "type": "Point", "coordinates": [ 139.731792899999988, 35.6217787 ] } },
{ "type": "Feature", "properties": { "lat": 35.6207475, "lon": 139.7056936, "name": "不動前グリーンファーマシー薬局" }, "geometry": { "type": "Point", "coordinates": [ 139.705693599999989, 35.6207475 ] } },
{ "type": "Feature", "properties": { "lat": 35.6042933, "lon": 139.7373379, "name": "エール薬局 大井町店" }, "geometry": { "type": "Point", "coordinates": [ 139.7373379, 35.6042933 ] } },
{ "type": "Feature", "properties": { "lat": 35.6166112, "lon": 139.7075112, "name": "エール薬局 大井1丁目店" }, "geometry": { "type": "Point", "coordinates": [ 139.7075112, 35.6166112 ] } },
{ "type": "Feature", "properties": { "lat": 35.6253224, "lon": 139.7230654, "name": "たんぽぽ薬局大崎店" }, "geometry": { "type": "Point", "coordinates": [ 139.7230654, 35.6253224 ] } },
{ "type": "Feature", "properties": { "lat": 35.6047917, "lon": 139.7008, "name": "南山堂薬局 武蔵小山駅前店" }, "geometry": { "type": "Point", "coordinates": [ 139.7008, 35.6047917 ] } },
{ "type": "Feature", "properties": { "lat": 35.5884463, "lon": 139.7296766, "name": "薬局ホームケアファーマシー東大井店" }, "geometry": { "type": "Point", "coordinates": [ 139.7296766, 35.5884463 ] } },
{ "type": "Feature", "properties": { "lat": 35.6145719, "lon": 139.6994127, "name": "(有)フォーサイト 爽快薬局" }, "geometry": { "type": "Point", "coordinates": [ 139.699412700000011, 35.6145719 ] } },
{ "type": "Feature", "properties": { "lat": 35.6063009, "lon": 139.7182132, "name": "ポッポ堂薬局 五反田店" }, "geometry": { "type": "Point", "coordinates": [ 139.7182132, 35.6063009 ] } },
{ "type": "Feature", "properties": { "lat": 35.60626, "lon": 139.7124989, "name": "加藤薬局 旗の台店" }, "geometry": { "type": "Point", "coordinates": [ 139.712498900000014, 35.60626 ] } },
{ "type": "Feature", "properties": { "lat": 35.6042392, "lon": 139.7320923, "name": "株式会社レンティック中部 とまりぎ薬局" }, "geometry": { "type": "Point", "coordinates": [ 139.7320923, 35.604239199999903 ] } },
{ "type": "Feature", "properties": { "lat": 35.6049351, "lon": 139.7338009, "name": "藤本薬局" }, "geometry": { "type": "Point", "coordinates": [ 139.7338009, 35.6049351 ] } },
{ "type": "Feature", "properties": { "lat": 35.5898032, "lon": 139.7320871, "name": "木の葉薬局" }, "geometry": { "type": "Point", "coordinates": [ 139.7320871, 35.5898032 ] } },
{ "type": "Feature", "properties": { "lat": 35.6205577, "lon": 139.7025921, "name": "成光堂薬局" }, "geometry": { "type": "Point", "coordinates": [ 139.7025921, 35.6205577 ] } },
{ "type": "Feature", "properties": { "lat": 35.6023424, "lon": 139.7181159, "name": "サン調剤薬局" }, "geometry": { "type": "Point", "coordinates": [ 139.718115899999987, 35.6023424 ] } },
{ "type": "Feature", "properties": { "lat": 35.5995681, "lon": 139.7157505, "name": "かもめ薬局旗の台店" }, "geometry": { "type": "Point", "coordinates": [ 139.715750500000013, 35.5995681 ] } },
{ "type": "Feature", "properties": { "lat": 35.6128272, "lon": 139.71749, "name": "あさひ薬局大井町店" }, "geometry": { "type": "Point", "coordinates": [ 139.71749, 35.6128272 ] } },
{ "type": "Feature", "properties": { "lat": 35.6212356, "lon": 139.7391667, "name": "ペンギン薬局" }, "geometry": { "type": "Point", "coordinates": [ 139.7391667, 35.6212356 ] } },
{ "type": "Feature", "properties": { "lat": 35.61877, "lon": 139.7049806, "name": "小山薬局" }, "geometry": { "type": "Point", "coordinates": [ 139.7049806, 35.61877 ] } },
{ "type": "Feature", "properties": { "lat": 35.6155239, "lon": 139.7148683, "name": "ふたば薬局" }, "geometry": { "type": "Point", "coordinates": [ 139.7148683, 35.6155239 ] } },
{ "type": "Feature", "properties": { "lat": 35.6178099, "lon": 139.7071448, "name": "薬局ケイファーマシー" }, "geometry": { "type": "Point", "coordinates": [ 139.7071448, 35.6178099 ] } },
{ "type": "Feature", "properties": { "lat": 35.6028792, "lon": 139.7207826, "name": "リボン薬局" }, "geometry": { "type": "Point", "coordinates": [ 139.7207826, 35.6028792 ] } },
{ "type": "Feature", "properties": { "lat": 35.6164753, "lon": 139.702342, "name": "ゆりかもめ薬局" }, "geometry": { "type": "Point", "coordinates": [ 139.702342, 35.6164753 ] } },
{ "type": "Feature", "properties": { "lat": 35.6281232, "lon": 139.7168281, "name": "土屋薬局武蔵小山" }, "geometry": { "type": "Point", "coordinates": [ 139.716828099999987, 35.6281232 ] } },
{ "type": "Feature", "properties": { "lat": 35.6936557, "lon": 139.7446128, "name": "川崎薬局" }, "geometry": { "type": "Point", "coordinates": [ 139.7446128, 35.6936557 ] } },
{ "type": "Feature", "properties": { "lat": 35.6908542, "lon": 139.7725962, "name": "土屋薬局小山" }, "geometry": { "type": "Point", "coordinates": [ 139.77259620000001, 35.6908542 ] } },
{ "type": "Feature", "properties": { "lat": 35.7000247, "lon": 139.7629518, "name": "西大井薬局" }, "geometry": { "type": "Point", "coordinates": [ 139.7629518, 35.7000247 ] } },
{ "type": "Feature", "properties": { "lat": 35.6994279, "lon": 139.7648324, "name": "桑原薬局" }, "geometry": { "type": "Point", "coordinates": [ 139.764832399999989, 35.6994279 ] } },
{ "type": "Feature", "properties": { "lat": 35.6835071, "lon": 139.7399698, "name": "薬局しなやく" }, "geometry": { "type": "Point", "coordinates": [ 139.739969800000011, 35.6835071 ] } },
{ "type": "Feature", "properties": { "lat": 35.6841083, "lon": 139.7664624, "name": "オギムラ薬局" }, "geometry": { "type": "Point", "coordinates": [ 139.7664624, 35.6841083 ] } },
{ "type": "Feature", "properties": { "lat": 35.693535, "lon": 139.7531928, "name": "みらくる薬局 神田店" }, "geometry": { "type": "Point", "coordinates": [ 139.7531928, 35.693535 ] } },
{ "type": "Feature", "properties": { "lat": 35.6917672, "lon": 139.7636314, "name": "お茶の水駅前薬局" }, "geometry": { "type": "Point", "coordinates": [ 139.7636314, 35.6917672 ] } },
{ "type": "Feature", "properties": { "lat": 35.6977409, "lon": 139.7655593, "name": "新お茶の水薬局" }, "geometry": { "type": "Point", "coordinates": [ 139.7655593, 35.6977409 ] } },
{ "type": "Feature", "properties": { "lat": 35.6994885, "lon": 139.7472702, "name": "麹町調剤薬局" }, "geometry": { "type": "Point", "coordinates": [ 139.7472702, 35.6994885 ] } },
{ "type": "Feature", "properties": { "lat": 35.6977671, "lon": 139.7752122, "name": "調剤薬局丸の内ファーマシー" }, "geometry": { "type": "Point", "coordinates": [ 139.7752122, 35.6977671 ] } },
{ "type": "Feature", "properties": { "lat": 35.6916541, "lon": 139.7715022, "name": "アイセイ薬局 九段南店" }, "geometry": { "type": "Point", "coordinates": [ 139.771502199999986, 35.6916541 ] } },
{ "type": "Feature", "properties": { "lat": 35.701301, "lon": 139.7531776, "name": "田辺薬局 神田錦町店" }, "geometry": { "type": "Point", "coordinates": [ 139.753177599999987, 35.701301 ] } },
{ "type": "Feature", "properties": { "lat": 35.6829347, "lon": 139.741896, "name": "南山堂薬局 御茶ノ水店" }, "geometry": { "type": "Point", "coordinates": [ 139.741896, 35.6829347 ] } },
{ "type": "Feature", "properties": { "lat": 35.6921581, "lon": 139.7717774, "name": "雄飛堂薬局 飯田橋店" }, "geometry": { "type": "Point", "coordinates": [ 139.7717774, 35.6921581 ] } },
{ "type": "Feature", "properties": { "lat": 35.697933, "lon": 139.7625425, "name": "あつみ調剤薬局" }, "geometry": { "type": "Point", "coordinates": [ 139.7625425, 35.697933 ] } },
{ "type": "Feature", "properties": { "lat": 35.6909195, "lon": 139.7574614, "name": "神田登栄薬局" }, "geometry": { "type": "Point", "coordinates": [ 139.757461400000011, 35.6909195 ] } },
{ "type": "Feature", "properties": { "lat": 35.6989906, "lon": 139.7626026, "name": "水道橋薬局" }, "geometry": { "type": "Point", "coordinates": [ 139.7626026, 35.6989906 ] } },
{ "type": "Feature", "properties": { "lat": 35.6962122, "lon": 139.7600005, "name": "株式会社サノ・ファーマシー まゆみ薬局 半蔵門店" }, "geometry": { "type": "Point", "coordinates": [ 139.7600005, 35.6962122 ] } },
{ "type": "Feature", "properties": { "lat": 35.6942863, "lon": 139.7513414, "name": "薬局日本メディカルシステム神田店" }, "geometry": { "type": "Point", "coordinates": [ 139.7513414, 35.6942863 ] } },
{ "type": "Feature", "properties": { "lat": 35.696143, "lon": 139.7543534, "name": "コスモス調剤薬局 日大病院前店" }, "geometry": { "type": "Point", "coordinates": [ 139.754353400000014, 35.696143 ] } },
{ "type": "Feature", "properties": { "lat": 35.6969478, "lon": 139.7424872, "name": "薬局トモズ 竹橋パレスサイド店" }, "geometry": { "type": "Point", "coordinates": [ 139.7424872, 35.6969478 ] } },
{ "type": "Feature", "properties": { "lat": 35.7020328, "lon": 139.7515522, "name": "スギ薬局 御茶ノ水店" }, "geometry": { "type": "Point", "coordinates": [ 139.7515522, 35.7020328 ] } },
{ "type": "Feature", "properties": { "lat": 35.67417, "lon": 139.7601353, "name": "薬局お茶の水ファーマシー" }, "geometry": { "type": "Point", "coordinates": [ 139.7601353, 35.67417 ] } },
{ "type": "Feature", "properties": { "lat": 35.6994443, "lon": 139.7434262, "name": "たかしん薬局 九段会館テラス店" }, "geometry": { "type": "Point", "coordinates": [ 139.743426199999988, 35.6994443 ] } },
{ "type": "Feature", "properties": { "lat": 35.6719187, "lon": 139.7463429, "name": "レジーナ薬局 神保町店" }, "geometry": { "type": "Point", "coordinates": [ 139.7463429, 35.6719187 ] } },
{ "type": "Feature", "properties": { "lat": 35.6986318, "lon": 139.7757814, "name": "日本調剤 東京逓信病院前薬局" }, "geometry": { "type": "Point", "coordinates": [ 139.7757814, 35.6986318 ] } },
{ "type": "Feature", "properties": { "lat": 35.7032313, "lon": 139.7699233, "name": "スギ薬局 水道橋店" }, "geometry": { "type": "Point", "coordinates": [ 139.769923299999988, 35.7032313 ] } },
{ "type": "Feature", "properties": { "lat": 35.692386, "lon": 139.7770894, "name": "有楽町薬局" }, "geometry": { "type": "Point", "coordinates": [ 139.7770894, 35.692386 ] } },
{ "type": "Feature", "properties": { "lat": 35.6942161, "lon": 139.7744931, "name": "日本調剤 飯田橋駅前薬局" }, "geometry": { "type": "Point", "coordinates": [ 139.7744931, 35.6942161 ] } },
{ "type": "Feature", "properties": { "lat": 35.6939012, "lon": 139.7796499, "name": "稲垣薬局 霞が関店" }, "geometry": { "type": "Point", "coordinates": [ 139.77964990000001, 35.6939012 ] } },
{ "type": "Feature", "properties": { "lat": 35.6979049, "lon": 139.7742137, "name": "日本調剤 秋葉原薬局" }, "geometry": { "type": "Point", "coordinates": [ 139.7742137, 35.6979049 ] } },
{ "type": "Feature", "properties": { "lat": 35.6876366, "lon": 139.7623328, "name": "ぱぱす薬局 妻恋坂店" }, "geometry": { "type": "Point", "coordinates": [ 139.7623328, 35.6876366 ] } },
{ "type": "Feature", "properties": { "lat": 35.695794, "lon": 139.7591983, "name": "あつみ薬局 岩本町店" }, "geometry": { "type": "Point", "coordinates": [ 139.7591983, 35.695794 ] } },
{ "type": "Feature", "properties": { "lat": 35.6940679, "lon": 139.7704365, "name": "神田東松下町薬局" }, "geometry": { "type": "Point", "coordinates": [ 139.770436499999988, 35.6940679 ] } },
{ "type": "Feature", "properties": { "lat": 35.6957728, "lon": 139.7681153, "name": "神田一心薬局" }, "geometry": { "type": "Point", "coordinates": [ 139.7681153, 35.6957728 ] } },
{ "type": "Feature", "properties": { "lat": 35.6978403, "lon": 139.7628117, "name": "オレンジ薬局 秋葉原店" }, "geometry": { "type": "Point", "coordinates": [ 139.762811699999986, 35.6978403 ] } },
{ "type": "Feature", "properties": { "lat": 35.6958317, "lon": 139.7749135, "name": "そうごう薬局 Otemachi One店" }, "geometry": { "type": "Point", "coordinates": [ 139.7749135, 35.6958317 ] } },
{ "type": "Feature", "properties": { "lat": 35.6901961, "lon": 139.7353894, "name": "エース薬局 神保町店" }, "geometry": { "type": "Point", "coordinates": [ 139.7353894, 35.6901961 ] } },
{ "type": "Feature", "properties": { "lat": 35.6958665, "lon": 139.7518871, "name": "スギ薬局 神田駅北口店" }, "geometry": { "type": "Point", "coordinates": [ 139.7518871, 35.6958665 ] } },
{ "type": "Feature", "properties": { "lat": 35.6949697, "lon": 139.7672047, "name": "スギ薬局 神田淡路町店" }, "geometry": { "type": "Point", "coordinates": [ 139.7672047, 35.6949697 ] } },
{ "type": "Feature", "properties": { "lat": 35.694286, "lon": 139.7625924, "name": "コトブキ調剤薬局 日大前店" }, "geometry": { "type": "Point", "coordinates": [ 139.762592399999988, 35.694286 ] } },
{ "type": "Feature", "properties": { "lat": 35.7041521, "lon": 139.7723965, "name": "アガペ 岩本町薬局" }, "geometry": { "type": "Point", "coordinates": [ 139.772396500000013, 35.7041521 ] } },
{ "type": "Feature", "properties": { "lat": 35.6843736, "lon": 139.7360037, "name": "スギ薬局 市ケ谷店" }, "geometry": { "type": "Point", "coordinates": [ 139.7360037, 35.6843736 ] } },
{ "type": "Feature", "properties": { "lat": 35.6993079, "lon": 139.7722946, "name": "スギ薬局 九段下店" }, "geometry": { "type": "Point", "coordinates": [ 139.7722946, 35.6993079 ] } },
{ "type": "Feature", "properties": { "lat": 35.7030955, "lon": 139.7686936, "name": "ウエルシア薬局 神田小川町2号店" }, "geometry": { "type": "Point", "coordinates": [ 139.7686936, 35.7030955 ] } },
{ "type": "Feature", "properties": { "lat": 35.6948364, "lon": 139.7608695, "name": "All in One薬局" }, "geometry": { "type": "Point", "coordinates": [ 139.760869500000013, 35.6948364 ] } },
{ "type": "Feature", "properties": { "lat": 35.6949907, "lon": 139.770632, "name": "末広町薬局" }, "geometry": { "type": "Point", "coordinates": [ 139.770632, 35.6949907 ] } },
{ "type": "Feature", "properties": { "lat": 35.6753464, "lon": 139.762812, "name": "イオックス薬局 麹町店" }, "geometry": { "type": "Point", "coordinates": [ 139.762812, 35.6753464 ] } },
{ "type": "Feature", "properties": { "lat": 35.6911977, "lon": 139.7722779, "name": "ウエルシア薬局 秋葉原駅前店" }, "geometry": { "type": "Point", "coordinates": [ 139.7722779, 35.6911977 ] } },
{ "type": "Feature", "properties": { "lat": 35.6849326, "lon": 139.7376202, "name": "友林薬局" }, "geometry": { "type": "Point", "coordinates": [ 139.7376202, 35.6849326 ] } },
{ "type": "Feature", "properties": { "lat": 35.6988933, "lon": 139.7639165, "name": "神保町1丁目薬局" }, "geometry": { "type": "Point", "coordinates": [ 139.7639165, 35.6988933 ] } },
{ "type": "Feature", "properties": { "lat": 35.6871851, "lon": 139.7645138, "name": "竹内薬局 神田須田町店" }, "geometry": { "type": "Point", "coordinates": [ 139.7645138, 35.6871851 ] } },
{ "type": "Feature", "properties": { "lat": 35.6869625, "lon": 139.7670676, "name": "クオール薬局 ビックカメラ有楽町店" }, "geometry": { "type": "Point", "coordinates": [ 139.7670676, 35.6869625 ] } },
{ "type": "Feature", "properties": { "lat": 35.6951104, "lon": 139.7804435, "name": "ナチュラルローソンクオール薬局 神田鍛冶町二丁目店" }, "geometry": { "type": "Point", "coordinates": [ 139.7804435, 35.6951104 ] } },
{ "type": "Feature", "properties": { "lat": 35.6823664, "lon": 139.7632541, "name": "ウエルシア薬局 千代田麹町店" }, "geometry": { "type": "Point", "coordinates": [ 139.763254100000012, 35.6823664 ] } },
{ "type": "Feature", "properties": { "lat": 35.6848436, "lon": 139.7337756, "name": "お茶の水調剤薬局 本店" }, "geometry": { "type": "Point", "coordinates": [ 139.7337756, 35.6848436 ] } },
{ "type": "Feature", "properties": { "lat": 35.7041797, "lon": 139.7715745, "name": "クオール薬局 読売新聞東京本社店" }, "geometry": { "type": "Point", "coordinates": [ 139.771574500000014, 35.7041797 ] } },
{ "type": "Feature", "properties": { "lat": 35.6835507, "lon": 139.7383052, "name": "薬局トモズ 大手町プレイス店" }, "geometry": { "type": "Point", "coordinates": [ 139.738305200000013, 35.6835507 ] } },
{ "type": "Feature", "properties": { "lat": 35.6850064, "lon": 139.767045, "name": "達生堂薬局" }, "geometry": { "type": "Point", "coordinates": [ 139.767045, 35.6850064 ] } },
{ "type": "Feature", "properties": { "lat": 35.6779421, "lon": 139.761055, "name": "アイン薬局 グランスタ丸の内店" }, "geometry": { "type": "Point", "coordinates": [ 139.761055, 35.6779421 ] } },
{ "type": "Feature", "properties": { "lat": 35.7008862, "lon": 139.7468337, "name": "クオール薬局 四谷店" }, "geometry": { "type": "Point", "coordinates": [ 139.7468337, 35.7008862 ] } },
{ "type": "Feature", "properties": { "lat": 35.6978403, "lon": 139.7628117, "name": "ファミリーマート+ファーマライズ薬局 末広町店" }, "geometry": { "type": "Point", "coordinates": [ 139.762811699999986, 35.6978403 ] } },
{ "type": "Feature", "properties": { "lat": 35.687589, "lon": 139.765773, "name": "アピス薬局 麹町店" }, "geometry": { "type": "Point", "coordinates": [ 139.765773, 35.687589 ] } },
{ "type": "Feature", "properties": { "lat": 35.6869994, "lon": 139.7654691, "name": "クオール薬局 丸の内店" }, "geometry": { "type": "Point", "coordinates": [ 139.7654691, 35.6869994 ] } },
{ "type": "Feature", "properties": { "lat": 35.699609, "lon": 139.7676839, "name": "東商ビル薬局" }, "geometry": { "type": "Point", "coordinates": [ 139.7676839, 35.699609 ] } },
{ "type": "Feature", "properties": { "lat": 35.6974433, "lon": 139.7757913, "name": "薬のヒグチ薬局 新飯田橋店" }, "geometry": { "type": "Point", "coordinates": [ 139.7757913, 35.6974433 ] } },
{ "type": "Feature", "properties": { "lat": 35.695475, "lon": 139.7667654, "name": "さくら薬局 駿河台店" }, "geometry": { "type": "Point", "coordinates": [ 139.7667654, 35.695475 ] } },
{ "type": "Feature", "properties": { "lat": 35.699399, "lon": 139.7636086, "name": "アイン薬局 大手町店" }, "geometry": { "type": "Point", "coordinates": [ 139.7636086, 35.699399 ] } },
{ "type": "Feature", "properties": { "lat": 35.6831279, "lon": 139.7703003, "name": "そうごう薬局 東京サンケイビル店" }, "geometry": { "type": "Point", "coordinates": [ 139.7703003, 35.6831279 ] } },
{ "type": "Feature", "properties": { "lat": 35.6854775, "lon": 139.7656705, "name": "ウエルシア薬局 千代田御茶ノ水店" }, "geometry": { "type": "Point", "coordinates": [ 139.7656705, 35.6854775 ] } },
{ "type": "Feature", "properties": { "lat": 35.6876085, "lon": 139.7418314, "name": "フォレスト薬局 秋葉原店" }, "geometry": { "type": "Point", "coordinates": [ 139.7418314, 35.6876085 ] } },
{ "type": "Feature", "properties": { "lat": 35.6992606, "lon": 139.7627366, "name": "ウエルシア薬局 神田小川町店" }, "geometry": { "type": "Point", "coordinates": [ 139.762736600000011, 35.6992606 ] } },
{ "type": "Feature", "properties": { "lat": 35.6933922, "lon": 139.7796105, "name": "日本調剤 神田駿河台薬局" }, "geometry": { "type": "Point", "coordinates": [ 139.7796105, 35.6933922 ] } },
{ "type": "Feature", "properties": { "lat": 35.6933922, "lon": 139.7796105, "name": "アイン薬局 八重洲口店" }, "geometry": { "type": "Point", "coordinates": [ 139.7796105, 35.6933922 ] } },
{ "type": "Feature", "properties": { "lat": 35.7011039, "lon": 139.7502894, "name": "さくら薬局 大手町店" }, "geometry": { "type": "Point", "coordinates": [ 139.750289400000014, 35.7011039 ] } },
{ "type": "Feature", "properties": { "lat": 35.7005277, "lon": 139.7505465, "name": "スギ薬局 一番町店" }, "geometry": { "type": "Point", "coordinates": [ 139.750546500000013, 35.700527699999903 ] } },
{ "type": "Feature", "properties": { "lat": 35.6996952, "lon": 139.763783, "name": "薬局マツモトキヨシ 御茶ノ水駿河台店" }, "geometry": { "type": "Point", "coordinates": [ 139.763783, 35.6996952 ] } },
{ "type": "Feature", "properties": { "lat": 35.6957578, "lon": 139.7515298, "name": "スギ薬局 岩本町店" }, "geometry": { "type": "Point", "coordinates": [ 139.751529799999986, 35.6957578 ] } },
{ "type": "Feature", "properties": { "lat": 35.7002345, "lon": 139.7618317, "name": "薬局マツモトキヨシ 岩本町駅前店" }, "geometry": { "type": "Point", "coordinates": [ 139.761831699999988, 35.7002345 ] } },
{ "type": "Feature", "properties": { "lat": 35.6970825, "lon": 139.7665026, "name": "ココカラファイン薬局飯田橋店" }, "geometry": { "type": "Point", "coordinates": [ 139.7665026, 35.6970825 ] } },
{ "type": "Feature", "properties": { "lat": 35.6996409, "lon": 139.7445438, "name": "アガペ飯田橋薬局" }, "geometry": { "type": "Point", "coordinates": [ 139.7445438, 35.6996409 ] } },
{ "type": "Feature", "properties": { "lat": 35.6721051, "lon": 139.7595108, "name": "日本調剤 御茶ノ水橋口薬局" }, "geometry": { "type": "Point", "coordinates": [ 139.759510799999987, 35.6721051 ] } },
{ "type": "Feature", "properties": { "lat": 35.6901158, "lon": 139.7341178, "name": "日本調剤 九段下薬局" }, "geometry": { "type": "Point", "coordinates": [ 139.7341178, 35.6901158 ] } },
{ "type": "Feature", "properties": { "lat": 35.6960611, "lon": 139.7520917, "name": "日本調剤 駿河台薬局" }, "geometry": { "type": "Point", "coordinates": [ 139.7520917, 35.6960611 ] } },
{ "type": "Feature", "properties": { "lat": 35.6760963, "lon": 139.7506962, "name": "株式会社 薬局淡路町ファーマシー" }, "geometry": { "type": "Point", "coordinates": [ 139.7506962, 35.6760963 ] } },
{ "type": "Feature", "properties": { "lat": 35.6937104, "lon": 139.7689323, "name": "日本調剤飯田橋薬局" }, "geometry": { "type": "Point", "coordinates": [ 139.768932299999989, 35.6937104 ] } },
{ "type": "Feature", "properties": { "lat": 35.6981373, "lon": 139.7773876, "name": "薬局タワードラッグ" }, "geometry": { "type": "Point", "coordinates": [ 139.7773876, 35.6981373 ] } },
{ "type": "Feature", "properties": { "lat": 35.6986733, "lon": 139.7492685, "name": "五番町はるかぜ薬局" }, "geometry": { "type": "Point", "coordinates": [ 139.7492685, 35.6986733 ] } },
{ "type": "Feature", "properties": { "lat": 35.6975852, "lon": 139.7680034, "name": "千代田区薬剤師会 会営調剤薬局" }, "geometry": { "type": "Point", "coordinates": [ 139.7680034, 35.6975852 ] } },
{ "type": "Feature", "properties": { "lat": 35.6711009, "lon": 139.7542742, "name": "メトグリーン3号館薬局" }, "geometry": { "type": "Point", "coordinates": [ 139.7542742, 35.6711009 ] } },
{ "type": "Feature", "properties": { "lat": 35.7000255, "lon": 139.7485446, "name": "アサヒ薬局" }, "geometry": { "type": "Point", "coordinates": [ 139.7485446, 35.7000255 ] } },
{ "type": "Feature", "properties": { "lat": 35.6995122, "lon": 139.7634028, "name": "レモン薬局 秋葉原店" }, "geometry": { "type": "Point", "coordinates": [ 139.7634028, 35.6995122 ] } },
{ "type": "Feature", "properties": { "lat": 35.6989473, "lon": 139.7438702, "name": "マルマツ薬局 九段店" }, "geometry": { "type": "Point", "coordinates": [ 139.7438702, 35.6989473 ] } },
{ "type": "Feature", "properties": { "lat": 35.6824461, "lon": 139.7416119, "name": "薬局マツモトキヨシ ワテラスモール店" }, "geometry": { "type": "Point", "coordinates": [ 139.7416119, 35.6824461 ] } },
{ "type": "Feature", "properties": { "lat": 35.6850562, "lon": 139.7420596, "name": "わたなべ調剤薬局" }, "geometry": { "type": "Point", "coordinates": [ 139.7420596, 35.6850562 ] } },
{ "type": "Feature", "properties": { "lat": 35.6844017, "lon": 139.7397873, "name": "マルマツ薬局" }, "geometry": { "type": "Point", "coordinates": [ 139.739787299999989, 35.6844017 ] } },
{ "type": "Feature", "properties": { "lat": 35.698791, "lon": 139.7630671, "name": "さくら薬局 御茶ノ水駅前店" }, "geometry": { "type": "Point", "coordinates": [ 139.7630671, 35.698791 ] } },
{ "type": "Feature", "properties": { "lat": 35.6838477, "lon": 139.7421109, "name": "日生薬局 飯田橋店" }, "geometry": { "type": "Point", "coordinates": [ 139.7421109, 35.6838477 ] } },
{ "type": "Feature", "properties": { "lat": 35.6927756, "lon": 139.7706964, "name": "茅沼順子薬局" }, "geometry": { "type": "Point", "coordinates": [ 139.7706964, 35.6927756 ] } },
{ "type": "Feature", "properties": { "lat": 35.6899038, "lon": 139.7687076, "name": "ツイン薬局 半蔵門店" }, "geometry": { "type": "Point", "coordinates": [ 139.7687076, 35.6899038 ] } },
{ "type": "Feature", "properties": { "lat": 35.6917078, "lon": 139.7699322, "name": "小西三誠堂薬局" }, "geometry": { "type": "Point", "coordinates": [ 139.7699322, 35.6917078 ] } },
{ "type": "Feature", "properties": { "lat": 35.6989706, "lon": 139.7451903, "name": "キク調剤薬局" }, "geometry": { "type": "Point", "coordinates": [ 139.7451903, 35.6989706 ] } },
{ "type": "Feature", "properties": { "lat": 35.6911281, "lon": 139.7678684, "name": "いまくま薬局" }, "geometry": { "type": "Point", "coordinates": [ 139.7678684, 35.6911281 ] } },
{ "type": "Feature", "properties": { "lat": 35.6855568, "lon": 139.7419911, "name": "有美薬局" }, "geometry": { "type": "Point", "coordinates": [ 139.7419911, 35.6855568 ] } },
{ "type": "Feature", "properties": { "lat": 35.6802718, "lon": 139.7402148, "name": "さくら薬局 内神田店" }, "geometry": { "type": "Point", "coordinates": [ 139.7402148, 35.6802718 ] } },
{ "type": "Feature", "properties": { "lat": 35.6989479, "lon": 139.7635308, "name": "ニシザワ薬局" }, "geometry": { "type": "Point", "coordinates": [ 139.763530800000012, 35.6989479 ] } },
{ "type": "Feature", "properties": { "lat": 35.6742094, "lon": 139.7613105, "name": "小池薬局" }, "geometry": { "type": "Point", "coordinates": [ 139.7613105, 35.6742094 ] } },
{ "type": "Feature", "properties": { "lat": 35.6954081, "lon": 139.7558297, "name": "スギ薬局 神田西口通り店" }, "geometry": { "type": "Point", "coordinates": [ 139.7558297, 35.6954081 ] } },
{ "type": "Feature", "properties": { "lat": 35.6967346, "lon": 139.7679556, "name": "バンビー薬局 一番町店" }, "geometry": { "type": "Point", "coordinates": [ 139.7679556, 35.6967346 ] } },
{ "type": "Feature", "properties": { "lat": 35.6913732, "lon": 139.7715621, "name": "永田町薬局" }, "geometry": { "type": "Point", "coordinates": [ 139.771562100000011, 35.6913732 ] } },
{ "type": "Feature", "properties": { "lat": 35.6764907, "lon": 139.7382988, "name": "アイン薬局 三崎店" }, "geometry": { "type": "Point", "coordinates": [ 139.7382988, 35.6764907 ] } },
{ "type": "Feature", "properties": { "lat": 35.6995537, "lon": 139.7745374, "name": "エール薬局 日比谷店" }, "geometry": { "type": "Point", "coordinates": [ 139.774537400000014, 35.6995537 ] } },
{ "type": "Feature", "properties": { "lat": 35.6980898, "lon": 139.7588288, "name": "ココカラファイン薬局神保町店" }, "geometry": { "type": "Point", "coordinates": [ 139.7588288, 35.6980898 ] } },
{ "type": "Feature", "properties": { "lat": 35.699739, "lon": 139.763129, "name": "ロイヤル薬局 神田淡路町店 健康サポート薬局" }, "geometry": { "type": "Point", "coordinates": [ 139.763129, 35.699739 ] } },
{ "type": "Feature", "properties": { "lat": 35.7031428, "lon": 139.7704078, "name": "スギ薬局 神田駅東口店" }, "geometry": { "type": "Point", "coordinates": [ 139.770407799999987, 35.703142799999902 ] } },
{ "type": "Feature", "properties": { "lat": 35.6708658, "lon": 139.7504743, "name": "エフエル薬局" }, "geometry": { "type": "Point", "coordinates": [ 139.7504743, 35.6708658 ] } },
{ "type": "Feature", "properties": { "lat": 35.6748388, "lon": 139.7644093, "name": "ファーコス薬局 アキバ" }, "geometry": { "type": "Point", "coordinates": [ 139.764409300000011, 35.6748388 ] } },
{ "type": "Feature", "properties": { "lat": 35.6988327, "lon": 139.7640961, "name": "興生堂薬局" }, "geometry": { "type": "Point", "coordinates": [ 139.764096099999989, 35.6988327 ] } },
{ "type": "Feature", "properties": { "lat": 35.6936932, "lon": 139.7658769, "name": "日本調剤 お茶の水中央薬局" }, "geometry": { "type": "Point", "coordinates": [ 139.7658769, 35.6936932 ] } },
{ "type": "Feature", "properties": { "lat": 35.6929609, "lon": 139.7646737, "name": "江川薬局" }, "geometry": { "type": "Point", "coordinates": [ 139.7646737, 35.6929609 ] } },
{ "type": "Feature", "properties": { "lat": 35.6946864, "lon": 139.7633055, "name": "調剤薬局霞が関ファーマシー" }, "geometry": { "type": "Point", "coordinates": [ 139.7633055, 35.6946864 ] } },
{ "type": "Feature", "properties": { "lat": 35.7011114, "lon": 139.7556759, "name": "そうごう薬局 有楽町店" }, "geometry": { "type": "Point", "coordinates": [ 139.7556759, 35.701111399999903 ] } },
{ "type": "Feature", "properties": { "lat": 35.6794876, "lon": 139.7340134, "name": "コトブキ調剤薬局" }, "geometry": { "type": "Point", "coordinates": [ 139.7340134, 35.6794876 ] } },
{ "type": "Feature", "properties": { "lat": 35.6817858, "lon": 139.7380874, "name": "十字堂薬局" }, "geometry": { "type": "Point", "coordinates": [ 139.738087400000012, 35.6817858 ] } },
{ "type": "Feature", "properties": { "lat": 35.6736548, "lon": 139.7607783, "name": "神田薬局" }, "geometry": { "type": "Point", "coordinates": [ 139.7607783, 35.6736548 ] } },
{ "type": "Feature", "properties": { "lat": 35.6855908, "lon": 139.7638503, "name": "小川町薬局" }, "geometry": { "type": "Point", "coordinates": [ 139.7638503, 35.6855908 ] } },
{ "type": "Feature", "properties": { "lat": 35.6733558, "lon": 139.7403363, "name": "第一薬局" }, "geometry": { "type": "Point", "coordinates": [ 139.7403363, 35.6733558 ] } },
{ "type": "Feature", "properties": { "lat": 35.7003976, "lon": 139.7467615, "name": "薬ヒグチ調剤薬局 ニューオータニ店" }, "geometry": { "type": "Point", "coordinates": [ 139.7467615, 35.7003976 ] } },
{ "type": "Feature", "properties": { "lat": 35.6996402, "lon": 139.7781638, "name": "クローバー薬局" }, "geometry": { "type": "Point", "coordinates": [ 139.778163799999987, 35.6996402 ] } },
{ "type": "Feature", "properties": { "lat": 35.6904399, "lon": 139.7359855, "name": "日比谷プラザ薬局" }, "geometry": { "type": "Point", "coordinates": [ 139.7359855, 35.6904399 ] } },
{ "type": "Feature", "properties": { "lat": 35.6948997, "lon": 139.7770297, "name": "大手町調剤薬局" }, "geometry": { "type": "Point", "coordinates": [ 139.777029700000014, 35.6948997 ] } },
{ "type": "Feature", "properties": { "lat": 35.6952845, "lon": 139.7608567, "name": "有限会社 フジモト薬局" }, "geometry": { "type": "Point", "coordinates": [ 139.7608567, 35.6952845 ] } },
{ "type": "Feature", "properties": { "lat": 35.7010909, "lon": 139.7609658, "name": "タンシ薬局" }, "geometry": { "type": "Point", "coordinates": [ 139.7609658, 35.7010909 ] } },
{ "type": "Feature", "properties": { "lat": 35.694765, "lon": 139.759279, "name": "二六堂調剤薬局" }, "geometry": { "type": "Point", "coordinates": [ 139.759279, 35.694765 ] } },
{ "type": "Feature", "properties": { "lat": 35.6845035, "lon": 139.7348024, "name": "いけだ薬局 駅前店" }, "geometry": { "type": "Point", "coordinates": [ 139.7348024, 35.6845035 ] } },
{ "type": "Feature", "properties": { "lat": 35.6874593, "lon": 139.7427229, "name": "龍閑堂薬局" }, "geometry": { "type": "Point", "coordinates": [ 139.7427229, 35.6874593 ] } },
{ "type": "Feature", "properties": { "lat": 35.6918808, "lon": 139.773994, "name": "有限会社 東京薬局" }, "geometry": { "type": "Point", "coordinates": [ 139.773994, 35.6918808 ] } },
{ "type": "Feature", "properties": { "lat": 35.6873742, "lon": 139.7335249, "name": "和同会薬局駿河台店" }, "geometry": { "type": "Point", "coordinates": [ 139.7335249, 35.6873742 ] } },
{ "type": "Feature", "properties": { "lat": 35.6918382, "lon": 139.7399799, "name": "いちご薬局神保町" }, "geometry": { "type": "Point", "coordinates": [ 139.7399799, 35.6918382 ] } },
{ "type": "Feature", "properties": { "lat": 35.6650183, "lon": 139.7818673, "name": "いずみ薬局 麹町店" }, "geometry": { "type": "Point", "coordinates": [ 139.781867299999988, 35.6650183 ] } },
{ "type": "Feature", "properties": { "lat": 35.6795315, "lon": 139.7802234, "name": "いけだ薬局番町店" }, "geometry": { "type": "Point", "coordinates": [ 139.780223400000011, 35.6795315 ] } },
{ "type": "Feature", "properties": { "lat": 35.6671092, "lon": 139.7747529, "name": "神田いちご薬局" }, "geometry": { "type": "Point", "coordinates": [ 139.77475290000001, 35.6671092 ] } },
{ "type": "Feature", "properties": { "lat": 35.6586608, "lon": 139.7760772, "name": "アップル薬局六番町店" }, "geometry": { "type": "Point", "coordinates": [ 139.7760772, 35.6586608 ] } },
{ "type": "Feature", "properties": { "lat": 35.68734, "lon": 139.7739343, "name": "池田薬局" }, "geometry": { "type": "Point", "coordinates": [ 139.7739343, 35.68734 ] } },
{ "type": "Feature", "properties": { "lat": 35.6709, "lon": 139.7642464, "name": "フレンド薬局" }, "geometry": { "type": "Point", "coordinates": [ 139.7642464, 35.6709 ] } },
{ "type": "Feature", "properties": { "lat": 35.6734584, "lon": 139.7759811, "name": "ウイング薬局 茅場町店" }, "geometry": { "type": "Point", "coordinates": [ 139.7759811, 35.6734584 ] } },
{ "type": "Feature", "properties": { "lat": 35.6893614, "lon": 139.7808958, "name": "望星築地薬局" }, "geometry": { "type": "Point", "coordinates": [ 139.7808958, 35.6893614 ] } },
{ "type": "Feature", "properties": { "lat": 35.688145, "lon": 139.7798719, "name": "アイセイ薬局 勝どき店" }, "geometry": { "type": "Point", "coordinates": [ 139.779871899999989, 35.688145 ] } },
{ "type": "Feature", "properties": { "lat": 35.6700221, "lon": 139.7610562, "name": "アイセイ薬局 日本橋室町店" }, "geometry": { "type": "Point", "coordinates": [ 139.761056200000013, 35.6700221 ] } },
{ "type": "Feature", "properties": { "lat": 35.6669425, "lon": 139.7784923, "name": "銀座清水薬局" }, "geometry": { "type": "Point", "coordinates": [ 139.778492300000011, 35.6669425 ] } },
{ "type": "Feature", "properties": { "lat": 35.6916663, "lon": 139.7804467, "name": "桜川薬局" }, "geometry": { "type": "Point", "coordinates": [ 139.7804467, 35.6916663 ] } },
{ "type": "Feature", "properties": { "lat": 35.6830463, "lon": 139.7815204, "name": "みらくる薬局 日本橋店" }, "geometry": { "type": "Point", "coordinates": [ 139.7815204, 35.6830463 ] } },
{ "type": "Feature", "properties": { "lat": 35.655466, "lon": 139.7828613, "name": "れんげ薬局 日本橋店" }, "geometry": { "type": "Point", "coordinates": [ 139.7828613, 35.655466 ] } },
{ "type": "Feature", "properties": { "lat": 35.690865, "lon": 139.7819729, "name": "ハピネス薬局 銀座店" }, "geometry": { "type": "Point", "coordinates": [ 139.7819729, 35.690865 ] } },
{ "type": "Feature", "properties": { "lat": 35.6751452, "lon": 139.7661964, "name": "薬局エスエルファーマシー" }, "geometry": { "type": "Point", "coordinates": [ 139.766196400000013, 35.6751452 ] } },
{ "type": "Feature", "properties": { "lat": 35.6737637, "lon": 139.7651281, "name": "ぱぱす薬局 小伝馬町店" }, "geometry": { "type": "Point", "coordinates": [ 139.7651281, 35.673763699999903 ] } },
{ "type": "Feature", "properties": { "lat": 35.6921162, "lon": 139.7822122, "name": "一平薬局" }, "geometry": { "type": "Point", "coordinates": [ 139.7822122, 35.6921162 ] } },
{ "type": "Feature", "properties": { "lat": 35.6570535, "lon": 139.7770602, "name": "晴海調剤薬局" }, "geometry": { "type": "Point", "coordinates": [ 139.7770602, 35.6570535 ] } },
{ "type": "Feature", "properties": { "lat": 35.6560183, "lon": 139.7722285, "name": "au薬局" }, "geometry": { "type": "Point", "coordinates": [ 139.772228500000011, 35.6560183 ] } },
{ "type": "Feature", "properties": { "lat": 35.6683905, "lon": 139.7694137, "name": "スギ薬局 銀座一丁目店" }, "geometry": { "type": "Point", "coordinates": [ 139.7694137, 35.6683905 ] } },
{ "type": "Feature", "properties": { "lat": 35.6800445, "lon": 139.7734149, "name": "オーケー銀座店薬局" }, "geometry": { "type": "Point", "coordinates": [ 139.7734149, 35.6800445 ] } },
{ "type": "Feature", "properties": { "lat": 35.6791646, "lon": 139.7711925, "name": "ソニック薬局" }, "geometry": { "type": "Point", "coordinates": [ 139.771192500000012, 35.6791646 ] } },
{ "type": "Feature", "properties": { "lat": 35.6801011, "lon": 139.7791036, "name": "日本調剤 パークタワー勝どき薬局" }, "geometry": { "type": "Point", "coordinates": [ 139.779103600000013, 35.6801011 ] } },
{ "type": "Feature", "properties": { "lat": 35.6802039, "lon": 139.7728976, "name": "ぱぱす薬局 勝どき5丁目店" }, "geometry": { "type": "Point", "coordinates": [ 139.7728976, 35.6802039 ] } },
{ "type": "Feature", "properties": { "lat": 35.666656, "lon": 139.7700401, "name": "ミント薬局 銀座店" }, "geometry": { "type": "Point", "coordinates": [ 139.770040099999989, 35.666656 ] } },
{ "type": "Feature", "properties": { "lat": 35.6670188, "lon": 139.7754629, "name": "ファイン薬局 八重洲日本橋" }, "geometry": { "type": "Point", "coordinates": [ 139.7754629, 35.6670188 ] } },
{ "type": "Feature", "properties": { "lat": 35.6816325, "lon": 139.7752252, "name": "ひかり薬局" }, "geometry": { "type": "Point", "coordinates": [ 139.7752252, 35.6816325 ] } },
{ "type": "Feature", "properties": { "lat": 35.6953697, "lon": 139.782972, "name": "スギ薬局 茅場町店" }, "geometry": { "type": "Point", "coordinates": [ 139.782972, 35.6953697 ] } },
{ "type": "Feature", "properties": { "lat": 35.6685337, "lon": 139.77016, "name": "ウイング薬局 日本橋店" }, "geometry": { "type": "Point", "coordinates": [ 139.77016, 35.6685337 ] } },
{ "type": "Feature", "properties": { "lat": 35.6733918, "lon": 139.7829019, "name": "つきじ調剤薬局" }, "geometry": { "type": "Point", "coordinates": [ 139.782901900000013, 35.6733918 ] } },
{ "type": "Feature", "properties": { "lat": 35.6794084, "lon": 139.7689311, "name": "日本調剤 明石町薬局" }, "geometry": { "type": "Point", "coordinates": [ 139.7689311, 35.6794084 ] } },
{ "type": "Feature", "properties": { "lat": 35.6921287, "lon": 139.7844591, "name": "ファーマライズ薬局 日本橋店" }, "geometry": { "type": "Point", "coordinates": [ 139.7844591, 35.6921287 ] } },
{ "type": "Feature", "properties": { "lat": 35.66764, "lon": 139.7632263, "name": "日本調剤 馬喰町薬局" }, "geometry": { "type": "Point", "coordinates": [ 139.763226300000014, 35.66764 ] } },
{ "type": "Feature", "properties": { "lat": 35.6867047, "lon": 139.7823819, "name": "薬局トモズ 築地店" }, "geometry": { "type": "Point", "coordinates": [ 139.7823819, 35.6867047 ] } },
{ "type": "Feature", "properties": { "lat": 35.6808516, "lon": 139.7714679, "name": "メトロファーマシー新川(薬局)" }, "geometry": { "type": "Point", "coordinates": [ 139.7714679, 35.6808516 ] } },
{ "type": "Feature", "properties": { "lat": 35.6863919, "lon": 139.7754174, "name": "ウエルシア薬局 東京ミッドタウン八重洲店" }, "geometry": { "type": "Point", "coordinates": [ 139.7754174, 35.6863919 ] } },
{ "type": "Feature", "properties": { "lat": 35.6793954, "lon": 139.7777485, "name": "日本調剤 東日本橋薬局" }, "geometry": { "type": "Point", "coordinates": [ 139.7777485, 35.6793954 ] } },
{ "type": "Feature", "properties": { "lat": 35.6802223, "lon": 139.7692184, "name": "薬局トモズ 銀座八丁目店" }, "geometry": { "type": "Point", "coordinates": [ 139.7692184, 35.6802223 ] } },
{ "type": "Feature", "properties": { "lat": 35.6700991, "lon": 139.7645462, "name": "人形町えきまえ薬局" }, "geometry": { "type": "Point", "coordinates": [ 139.764546200000012, 35.6700991 ] } },
{ "type": "Feature", "properties": { "lat": 35.6545919, "lon": 139.7785548, "name": "日本調剤 八重洲薬局" }, "geometry": { "type": "Point", "coordinates": [ 139.7785548, 35.6545919 ] } },
{ "type": "Feature", "properties": { "lat": 35.6585635, "lon": 139.7769757, "name": "クオール薬局 日本橋店" }, "geometry": { "type": "Point", "coordinates": [ 139.7769757, 35.6585635 ] } },
{ "type": "Feature", "properties": { "lat": 35.6891932, "lon": 139.78521, "name": "さくらんぼ薬局" }, "geometry": { "type": "Point", "coordinates": [ 139.78521, 35.6891932 ] } },
{ "type": "Feature", "properties": { "lat": 35.6567207, "lon": 139.7725562, "name": "薬局マツモトキヨシ ヤエチカ店" }, "geometry": { "type": "Point", "coordinates": [ 139.7725562, 35.6567207 ] } },
{ "type": "Feature", "properties": { "lat": 35.6825293, "lon": 139.7732652, "name": "薬局マツモトキヨシ 銀座みゆきAve.店" }, "geometry": { "type": "Point", "coordinates": [ 139.7732652, 35.6825293 ] } },
{ "type": "Feature", "properties": { "lat": 35.6760524, "lon": 139.7687411, "name": "ぱぱす薬局 晴海店" }, "geometry": { "type": "Point", "coordinates": [ 139.7687411, 35.6760524 ] } },
{ "type": "Feature", "properties": { "lat": 35.6768125, "lon": 139.7785808, "name": "アピス薬局 勝どき店" }, "geometry": { "type": "Point", "coordinates": [ 139.778580799999986, 35.6768125 ] } },
{ "type": "Feature", "properties": { "lat": 35.6847321, "lon": 139.7840397, "name": "日本橋久松薬局" }, "geometry": { "type": "Point", "coordinates": [ 139.7840397, 35.6847321 ] } },
{ "type": "Feature", "properties": { "lat": 35.6674526, "lon": 139.7630316, "name": "のぞみ薬局 勝どき店" }, "geometry": { "type": "Point", "coordinates": [ 139.7630316, 35.6674526 ] } },
{ "type": "Feature", "properties": { "lat": 35.676439, "lon": 139.7701446, "name": "ウエルシア薬局 日本橋1号店" }, "geometry": { "type": "Point", "coordinates": [ 139.7701446, 35.676439 ] } },
{ "type": "Feature", "properties": { "lat": 35.6928367, "lon": 139.7822421, "name": "ウエルシア薬局 東京スクエアガーデン店" }, "geometry": { "type": "Point", "coordinates": [ 139.7822421, 35.6928367 ] } },
{ "type": "Feature", "properties": { "lat": 35.6860609, "lon": 139.7840419, "name": "スギ薬局 八丁堀店" }, "geometry": { "type": "Point", "coordinates": [ 139.7840419, 35.6860609 ] } },
{ "type": "Feature", "properties": { "lat": 35.6595771, "lon": 139.698728, "name": "セイムス調剤薬局 人形町店" }, "geometry": { "type": "Point", "coordinates": [ 139.698728, 35.6595771 ] } },
{ "type": "Feature", "properties": { "lat": 35.6894291, "lon": 139.782019, "name": "銀座薬局" }, "geometry": { "type": "Point", "coordinates": [ 139.782019, 35.6894291 ] } },
{ "type": "Feature", "properties": { "lat": 35.6579213, "lon": 139.7759112, "name": "クオール薬局 京橋店" }, "geometry": { "type": "Point", "coordinates": [ 139.7759112, 35.6579213 ] } },
{ "type": "Feature", "properties": { "lat": 35.6921087, "lon": 139.7819026, "name": "日本調剤 馬喰町駅前薬局" }, "geometry": { "type": "Point", "coordinates": [ 139.7819026, 35.6921087 ] } },
{ "type": "Feature", "properties": { "lat": 35.6683481, "lon": 139.7736025, "name": "テトラ薬局 人形町2丁目店" }, "geometry": { "type": "Point", "coordinates": [ 139.77360250000001, 35.6683481 ] } },
{ "type": "Feature", "properties": { "lat": 35.6676817, "lon": 139.7787004, "name": "ぱぱす薬局 月島1丁目店" }, "geometry": { "type": "Point", "coordinates": [ 139.7787004, 35.6676817 ] } },
{ "type": "Feature", "properties": { "lat": 35.6573718, "lon": 139.7827814, "name": "サンローズ薬局 日本橋店" }, "geometry": { "type": "Point", "coordinates": [ 139.7827814, 35.6573718 ] } },
{ "type": "Feature", "properties": { "lat": 35.6702277, "lon": 139.7687023, "name": "日本調剤 勝どき薬局" }, "geometry": { "type": "Point", "coordinates": [ 139.7687023, 35.6702277 ] } },
{ "type": "Feature", "properties": { "lat": 35.6716585, "lon": 139.7679535, "name": "スギ薬局 日本橋横山町店" }, "geometry": { "type": "Point", "coordinates": [ 139.7679535, 35.6716585 ] } },
{ "type": "Feature", "properties": { "lat": 35.6568412, "lon": 139.7758595, "name": "日生薬局 築地店" }, "geometry": { "type": "Point", "coordinates": [ 139.7758595, 35.6568412 ] } },
{ "type": "Feature", "properties": { "lat": 35.6698629, "lon": 139.7680208, "name": "ぱぱす薬局 明石町店" }, "geometry": { "type": "Point", "coordinates": [ 139.768020799999988, 35.6698629 ] } },
{ "type": "Feature", "properties": { "lat": 35.6785121, "lon": 139.7833914, "name": "薬局トモズ 晴海トリトン店" }, "geometry": { "type": "Point", "coordinates": [ 139.7833914, 35.6785121 ] } },
{ "type": "Feature", "properties": { "lat": 35.6653239, "lon": 139.7827041, "name": "ぱぱす薬局 銀座木挽町店" }, "geometry": { "type": "Point", "coordinates": [ 139.782704099999989, 35.6653239 ] } },
{ "type": "Feature", "properties": { "lat": 35.6891396, "lon": 139.7846988, "name": "りんご薬局" }, "geometry": { "type": "Point", "coordinates": [ 139.7846988, 35.6891396 ] } },
{ "type": "Feature", "properties": { "lat": 35.6958125, "lon": 139.7824374, "name": "パンダ薬局 勝どき店" }, "geometry": { "type": "Point", "coordinates": [ 139.7824374, 35.6958125 ] } },
{ "type": "Feature", "properties": { "lat": 35.6599569, "lon": 139.7775887, "name": "日本調剤 歌舞伎座タワー薬局" }, "geometry": { "type": "Point", "coordinates": [ 139.7775887, 35.6599569 ] } },
{ "type": "Feature", "properties": { "lat": 35.6891865, "lon": 139.7714779, "name": "スギ薬局 新川一丁目店" }, "geometry": { "type": "Point", "coordinates": [ 139.7714779, 35.6891865 ] } },
{ "type": "Feature", "properties": { "lat": 35.6637403, "lon": 139.7843025, "name": "アイン薬局 月島店" }, "geometry": { "type": "Point", "coordinates": [ 139.7843025, 35.6637403 ] } },
{ "type": "Feature", "properties": { "lat": 35.6688555, "lon": 139.7641856, "name": "日本橋休日応急薬局" }, "geometry": { "type": "Point", "coordinates": [ 139.7641856, 35.6688555 ] } },
{ "type": "Feature", "properties": { "lat": 35.6725889, "lon": 139.7732753, "name": "有限会社 吉田薬局" }, "geometry": { "type": "Point", "coordinates": [ 139.7732753, 35.6725889 ] } },
{ "type": "Feature", "properties": { "lat": 35.6694619, "lon": 139.7716749, "name": "ぱぱす薬局 勝どき駅前店" }, "geometry": { "type": "Point", "coordinates": [ 139.7716749, 35.6694619 ] } },
{ "type": "Feature", "properties": { "lat": 35.6648486, "lon": 139.7849338, "name": "アイ調剤薬局" }, "geometry": { "type": "Point", "coordinates": [ 139.7849338, 35.6648486 ] } },
{ "type": "Feature", "properties": { "lat": 35.66962, "lon": 139.785469, "name": "ぱぱす薬局 月島店" }, "geometry": { "type": "Point", "coordinates": [ 139.785469, 35.66962 ] } },
{ "type": "Feature", "properties": { "lat": 35.6833011, "lon": 139.783893, "name": "薬局くすりの福太郎 銀座店" }, "geometry": { "type": "Point", "coordinates": [ 139.783893, 35.6833011 ] } },
{ "type": "Feature", "properties": { "lat": 35.6945207, "lon": 139.7855853, "name": "テトラ薬局 新富町店" }, "geometry": { "type": "Point", "coordinates": [ 139.7855853, 35.6945207 ] } },
{ "type": "Feature", "properties": { "lat": 35.6893571, "lon": 139.784746, "name": "さくら薬局 築地店" }, "geometry": { "type": "Point", "coordinates": [ 139.784746, 35.6893571 ] } },
{ "type": "Feature", "properties": { "lat": 35.6754407, "lon": 139.7768556, "name": "中央区休日応急薬局" }, "geometry": { "type": "Point", "coordinates": [ 139.7768556, 35.6754407 ] } },
{ "type": "Feature", "properties": { "lat": 35.6867634, "lon": 139.7833274, "name": "薬局マツモトキヨシ matsukiyoLAB 佃二丁目店" }, "geometry": { "type": "Point", "coordinates": [ 139.7833274, 35.6867634 ] } },
{ "type": "Feature", "properties": { "lat": 35.6902524, "lon": 139.7786936, "name": "ホリベ薬局 人形町店" }, "geometry": { "type": "Point", "coordinates": [ 139.7786936, 35.6902524 ] } },
{ "type": "Feature", "properties": { "lat": 35.6659815, "lon": 139.769521, "name": "玉置薬局" }, "geometry": { "type": "Point", "coordinates": [ 139.769521, 35.6659815 ] } },
{ "type": "Feature", "properties": { "lat": 35.6877545, "lon": 139.7873211, "name": "アイファ薬局 日本橋久松町店" }, "geometry": { "type": "Point", "coordinates": [ 139.787321100000014, 35.6877545 ] } },
{ "type": "Feature", "properties": { "lat": 35.6825293, "lon": 139.7732652, "name": "テトラ薬局 八丁堀店" }, "geometry": { "type": "Point", "coordinates": [ 139.7732652, 35.6825293 ] } },
{ "type": "Feature", "properties": { "lat": 35.6835218, "lon": 139.7813817, "name": "テトラ薬局 中央店" }, "geometry": { "type": "Point", "coordinates": [ 139.7813817, 35.6835218 ] } },
{ "type": "Feature", "properties": { "lat": 35.6678339, "lon": 139.7610373, "name": "ハッピー薬局" }, "geometry": { "type": "Point", "coordinates": [ 139.7610373, 35.6678339 ] } },
{ "type": "Feature", "properties": { "lat": 35.6775155, "lon": 139.7707463, "name": "日本調剤 築地薬局" }, "geometry": { "type": "Point", "coordinates": [ 139.770746300000013, 35.6775155 ] } },
{ "type": "Feature", "properties": { "lat": 35.6854895, "lon": 139.7815211, "name": "しまづる浜町薬局" }, "geometry": { "type": "Point", "coordinates": [ 139.7815211, 35.6854895 ] } },
{ "type": "Feature", "properties": { "lat": 35.6856538, "lon": 139.7746276, "name": "ウエルシア薬局 日本橋駅前店" }, "geometry": { "type": "Point", "coordinates": [ 139.7746276, 35.6856538 ] } },
{ "type": "Feature", "properties": { "lat": 35.6868816, "lon": 139.7731096, "name": "くま薬局" }, "geometry": { "type": "Point", "coordinates": [ 139.7731096, 35.6868816 ] } },
{ "type": "Feature", "properties": { "lat": 35.6708505, "lon": 139.7605807, "name": "銀座ペンギン薬局" }, "geometry": { "type": "Point", "coordinates": [ 139.7605807, 35.6708505 ] } },
{ "type": "Feature", "properties": { "lat": 35.6814684, "lon": 139.7779082, "name": "ファーコス薬局 京橋" }, "geometry": { "type": "Point", "coordinates": [ 139.777908200000013, 35.6814684 ] } },
{ "type": "Feature", "properties": { "lat": 35.6914344, "lon": 139.7800866, "name": "テトラ薬局" }, "geometry": { "type": "Point", "coordinates": [ 139.7800866, 35.6914344 ] } },
{ "type": "Feature", "properties": { "lat": 35.6820869, "lon": 139.7719683, "name": "スギ薬局 日本橋三越前店" }, "geometry": { "type": "Point", "coordinates": [ 139.7719683, 35.6820869 ] } },
{ "type": "Feature", "properties": { "lat": 35.6752478, "lon": 139.7827954, "name": "日本調剤日本橋室町薬局" }, "geometry": { "type": "Point", "coordinates": [ 139.7827954, 35.6752478 ] } },
{ "type": "Feature", "properties": { "lat": 35.687396, "lon": 139.770854, "name": "阪神調剤薬局 銀座店" }, "geometry": { "type": "Point", "coordinates": [ 139.770854, 35.687396 ] } },
{ "type": "Feature", "properties": { "lat": 35.6721693, "lon": 139.760813, "name": "クオール薬局 兜町店" }, "geometry": { "type": "Point", "coordinates": [ 139.760813, 35.6721693 ] } },
{ "type": "Feature", "properties": { "lat": 35.6613374, "lon": 139.7836423, "name": "テトラ薬局 小伝馬町店" }, "geometry": { "type": "Point", "coordinates": [ 139.7836423, 35.6613374 ] } },
{ "type": "Feature", "properties": { "lat": 35.6588246, "lon": 139.7838999, "name": "さくら薬局 八重洲店" }, "geometry": { "type": "Point", "coordinates": [ 139.7838999, 35.6588246 ] } },
{ "type": "Feature", "properties": { "lat": 35.6752497, "lon": 139.7759925, "name": "新川調剤薬局" }, "geometry": { "type": "Point", "coordinates": [ 139.7759925, 35.675249699999902 ] } },
{ "type": "Feature", "properties": { "lat": 35.674889, "lon": 139.7674496, "name": "スター薬局" }, "geometry": { "type": "Point", "coordinates": [ 139.7674496, 35.674889 ] } },
{ "type": "Feature", "properties": { "lat": 35.670452, "lon": 139.7698739, "name": "日本調剤 銀座泰明薬局" }, "geometry": { "type": "Point", "coordinates": [ 139.7698739, 35.670452 ] } },
{ "type": "Feature", "properties": { "lat": 35.6910387, "lon": 139.7841824, "name": "恵愛堂薬局" }, "geometry": { "type": "Point", "coordinates": [ 139.7841824, 35.6910387 ] } },
{ "type": "Feature", "properties": { "lat": 35.6718166, "lon": 139.7638329, "name": "日野薬局" }, "geometry": { "type": "Point", "coordinates": [ 139.763832900000011, 35.6718166 ] } },
{ "type": "Feature", "properties": { "lat": 35.6681367, "lon": 139.7857311, "name": "すずらん薬局" }, "geometry": { "type": "Point", "coordinates": [ 139.7857311, 35.6681367 ] } },
{ "type": "Feature", "properties": { "lat": 35.6799406, "lon": 139.7694411, "name": "薬局アポック 銀座レンガ通り店" }, "geometry": { "type": "Point", "coordinates": [ 139.7694411, 35.6799406 ] } },
{ "type": "Feature", "properties": { "lat": 35.6758638, "lon": 139.7763381, "name": "銀座漢方天風堂薬局" }, "geometry": { "type": "Point", "coordinates": [ 139.7763381, 35.6758638 ] } },
{ "type": "Feature", "properties": { "lat": 35.669967, "lon": 139.769175, "name": "川名薬局" }, "geometry": { "type": "Point", "coordinates": [ 139.769175, 35.669967 ] } },
{ "type": "Feature", "properties": { "lat": 35.6732518, "lon": 139.7692779, "name": "薬局マツモトキヨシ 銀座5thビル店" }, "geometry": { "type": "Point", "coordinates": [ 139.7692779, 35.6732518 ] } },
{ "type": "Feature", "properties": { "lat": 35.6651418, "lon": 139.7827408, "name": "アンソニーズ佃薬局" }, "geometry": { "type": "Point", "coordinates": [ 139.7827408, 35.6651418 ] } },
{ "type": "Feature", "properties": { "lat": 35.6642878, "lon": 139.7833362, "name": "ココカラファイン薬局 ヤエチカ北口店" }, "geometry": { "type": "Point", "coordinates": [ 139.7833362, 35.6642878 ] } },
{ "type": "Feature", "properties": { "lat": 35.6670082, "lon": 139.7751723, "name": "佐藤薬局" }, "geometry": { "type": "Point", "coordinates": [ 139.7751723, 35.6670082 ] } },
{ "type": "Feature", "properties": { "lat": 35.6708774, "lon": 139.7749858, "name": "銀座楽天堂薬局" }, "geometry": { "type": "Point", "coordinates": [ 139.7749858, 35.670877399999902 ] } },
{ "type": "Feature", "properties": { "lat": 35.666677, "lon": 139.7694211, "name": "クオール薬局 銀座店" }, "geometry": { "type": "Point", "coordinates": [ 139.769421099999988, 35.666677 ] } },
{ "type": "Feature", "properties": { "lat": 35.67313, "lon": 139.776003, "name": "福むら薬局" }, "geometry": { "type": "Point", "coordinates": [ 139.776003, 35.67313 ] } },
{ "type": "Feature", "properties": { "lat": 35.6606018, "lon": 139.7768697, "name": "きらり月島薬局" }, "geometry": { "type": "Point", "coordinates": [ 139.7768697, 35.660601799999903 ] } },
{ "type": "Feature", "properties": { "lat": 35.6697415, "lon": 139.7844993, "name": "つくだ調剤薬局" }, "geometry": { "type": "Point", "coordinates": [ 139.7844993, 35.6697415 ] } },
{ "type": "Feature", "properties": { "lat": 35.6758515, "lon": 139.7718407, "name": "ヘルス薬局 新富店" }, "geometry": { "type": "Point", "coordinates": [ 139.771840700000013, 35.6758515 ] } },
{ "type": "Feature", "properties": { "lat": 35.6620257, "lon": 139.7811068, "name": "田辺薬局築地市場店" }, "geometry": { "type": "Point", "coordinates": [ 139.7811068, 35.6620257 ] } },
{ "type": "Feature", "properties": { "lat": 35.6818611, "lon": 139.7833206, "name": "阪神薬局" }, "geometry": { "type": "Point", "coordinates": [ 139.7833206, 35.6818611 ] } },
{ "type": "Feature", "properties": { "lat": 35.6794083, "lon": 139.7787994, "name": "勝どき一丁目薬局" }, "geometry": { "type": "Point", "coordinates": [ 139.7787994, 35.6794083 ] } },
{ "type": "Feature", "properties": { "lat": 35.6669522, "lon": 139.7756978, "name": "ウィルファーマ(株) アイリス調剤薬局" }, "geometry": { "type": "Point", "coordinates": [ 139.775697799999989, 35.6669522 ] } },
{ "type": "Feature", "properties": { "lat": 35.6888324, "lon": 139.7816364, "name": "ニックハート薬局" }, "geometry": { "type": "Point", "coordinates": [ 139.7816364, 35.6888324 ] } },
{ "type": "Feature", "properties": { "lat": 35.6619132, "lon": 139.7837583, "name": "みのり薬局" }, "geometry": { "type": "Point", "coordinates": [ 139.783758299999988, 35.6619132 ] } },
{ "type": "Feature", "properties": { "lat": 35.6739507, "lon": 139.7823605, "name": "チトセ薬局" }, "geometry": { "type": "Point", "coordinates": [ 139.78236050000001, 35.6739507 ] } },
{ "type": "Feature", "properties": { "lat": 35.6858459, "lon": 139.781924, "name": "ひまわり薬局茅場町店" }, "geometry": { "type": "Point", "coordinates": [ 139.781924, 35.6858459 ] } },
{ "type": "Feature", "properties": { "lat": 35.6690281, "lon": 139.7719287, "name": "加健調剤薬局" }, "geometry": { "type": "Point", "coordinates": [ 139.771928699999989, 35.6690281 ] } },
{ "type": "Feature", "properties": { "lat": 35.6748337, "lon": 139.782302, "name": "ヘルス薬局日本橋店" }, "geometry": { "type": "Point", "coordinates": [ 139.782302, 35.6748337 ] } },
{ "type": "Feature", "properties": { "lat": 35.6690311, "lon": 139.7726803, "name": "アポロ薬局" }, "geometry": { "type": "Point", "coordinates": [ 139.7726803, 35.6690311 ] } },
{ "type": "Feature", "properties": { "lat": 35.6739507, "lon": 139.7823605, "name": "越前堀薬局プッシュ" }, "geometry": { "type": "Point", "coordinates": [ 139.78236050000001, 35.6739507 ] } },
{ "type": "Feature", "properties": { "lat": 35.6858459, "lon": 139.781924, "name": "清心丹薬局" }, "geometry": { "type": "Point", "coordinates": [ 139.781924, 35.6858459 ] } },
{ "type": "Feature", "properties": { "lat": 35.6690281, "lon": 139.7719287, "name": "近藤薬局" }, "geometry": { "type": "Point", "coordinates": [ 139.771928699999989, 35.6690281 ] } },
{ "type": "Feature", "properties": { "lat": 35.6748337, "lon": 139.782302, "name": "越前堀薬局" }, "geometry": { "type": "Point", "coordinates": [ 139.782302, 35.6748337 ] } },
{ "type": "Feature", "properties": { "lat": 35.6690311, "lon": 139.7726803, "name": "(有)トラヤ薬局" }, "geometry": { "type": "Point", "coordinates": [ 139.7726803, 35.6690311 ] } }
]
}
